timestamp,tag,run,task_type,base_model,warmup_from,epochs,train_tokens,total_tokens,learning_rate,batch_size,CEL,perplexity,CN,BLiMP
2026-05-05T18:58:34Z,stellar-federation-81,1,next_word,EleutherAI/pythia-160m,random_init,1,26404864,26404864,0.00025,8,2.886678457260132,17.93364320178208,"{0: {5: 628, 8: 728, 2: 158, 6: 670, 4: 542, 9: 551, 7: 639, 12: 164, 10: 364, 3: 313, 11: 194, 1: 49}, 1: {3: 661, 2: 770, 1: 1660, 9: 96, 5: 398, 4: 600, 8: 172, 6: 336, 7: 267, 10: 30, 11: 7, 12: 3}, 2: {7: 467, 10: 764, 8: 484, 6: 341, 11: 930, 12: 640, 2: 63, 9: 713, 4: 206, 5: 280, 3: 99, 1: 13}, 3: {1: 511, 5: 416, 3: 496, 4: 387, 7: 378, 11: 414, 10: 386, 9: 379, 6: 417, 2: 661, 12: 159, 8: 396}, 4: {4: 655, 9: 207, 1: 351, 5: 567, 3: 878, 6: 527, 2: 745, 7: 403, 8: 385, 10: 177, 11: 88, 12: 17}, 5: {9: 538, 12: 1454, 6: 267, 5: 174, 10: 786, 11: 909, 4: 102, 8: 386, 7: 353, 3: 25, 2: 4, 1: 2}, 6: {11: 269, 7: 670, 5: 632, 8: 662, 9: 503, 6: 690, 12: 138, 3: 348, 4: 481, 10: 421, 2: 155, 1: 31}, 7: {2: 840, 1: 1580, 5: 419, 7: 271, 4: 523, 3: 731, 6: 341, 10: 39, 8: 137, 9: 100, 12: 3, 11: 16}, 8: {8: 470, 6: 322, 11: 867, 12: 765, 10: 743, 7: 473, 9: 694, 5: 269, 3: 122, 4: 223, 1: 6, 2: 46}, 9: {12: 172, 3: 462, 6: 367, 2: 722, 10: 392, 4: 434, 8: 383, 1: 486, 5: 463, 7: 375, 9: 372, 11: 372}, 10: {6: 485, 4: 755, 9: 219, 8: 359, 3: 830, 7: 418, 5: 540, 1: 310, 2: 831, 12: 20, 10: 139, 11: 94}, 11: {10: 759, 11: 840, 12: 1465, 7: 286, 3: 35, 8: 438, 6: 237, 9: 628, 4: 92, 5: 214, 1: 1, 2: 5}}",0.5957014925373134
2026-05-18T21:37:03Z,10m,1,ntp_10m,EleutherAI/pythia-160m,random_init,1,8631296,8631296,0.00025,8,3.1884958744049072,24.251922058936643,"{0: {1: 189, 12: 179, 2: 278, 6: 578, 7: 582, 3: 419, 8: 655, 9: 484, 5: 459, 4: 496, 10: 466, 11: 215}, 1: {4: 668, 1: 1548, 3: 697, 2: 688, 5: 547, 10: 23, 8: 146, 7: 216, 6: 361, 9: 95, 11: 10, 12: 1}, 2: {6: 305, 8: 580, 9: 807, 11: 1091, 10: 695, 7: 553, 12: 633, 4: 95, 3: 49, 5: 173, 1: 3, 2: 16}, 3: {2: 606, 10: 342, 1: 456, 7: 434, 4: 437, 5: 413, 11: 382, 3: 462, 8: 433, 6: 511, 9: 444, 12: 80}, 4: {8: 280, 3: 862, 7: 378, 2: 741, 6: 610, 4: 767, 10: 118, 5: 632, 1: 405, 9: 130, 11: 65, 12: 12}, 5: {11: 817, 9: 522, 12: 1614, 10: 898, 7: 332, 8: 425, 5: 137, 4: 50, 6: 186, 3: 17, 2: 2}, 6: {10: 457, 7: 619, 8: 587, 5: 536, 12: 176, 6: 550, 3: 408, 4: 546, 11: 266, 2: 273, 9: 416, 1: 166}, 7: {5: 597, 2: 803, 4: 522, 1: 1485, 3: 800, 7: 211, 6: 337, 9: 82, 8: 119, 10: 27, 11: 15, 12: 2}, 8: {12: 678, 4: 106, 11: 927, 9: 825, 6: 306, 5: 207, 10: 749, 7: 554, 8: 582, 3: 39, 2: 25, 1: 2}, 9: {7: 477, 5: 573, 6: 415, 4: 414, 1: 466, 8: 409, 12: 119, 10: 298, 2: 599, 9: 422, 11: 344, 3: 464}, 10: {3: 769, 6: 644, 5: 582, 2: 965, 4: 838, 1: 280, 8: 274, 7: 337, 9: 132, 11: 66, 10: 102, 12: 11}, 11: {9: 641, 11: 802, 10: 825, 8: 510, 12: 1495, 7: 307, 5: 144, 4: 61, 6: 197, 3: 14, 2: 4}}",
2026-05-18T21:55:31Z,10m,2,ntp_10m,EleutherAI/pythia-160m,random_init,1,8631296,8631296,0.00025,8,3.175564765930176,23.940336737628584,"{0: {1: 196, 8: 646, 3: 410, 4: 584, 6: 605, 5: 468, 9: 496, 2: 291, 7: 549, 10: 400, 11: 220, 12: 135}, 1: {3: 637, 1: 1613, 5: 562, 9: 110, 6: 355, 7: 227, 2: 693, 8: 176, 4: 591, 10: 28, 11: 6, 12: 2}, 2: {6: 309, 10: 727, 9: 790, 11: 1109, 8: 526, 12: 644, 7: 540, 2: 24, 5: 199, 4: 93, 3: 38, 1: 1}, 3: {5: 538, 7: 519, 2: 542, 3: 494, 9: 388, 6: 535, 1: 401, 10: 291, 11: 301, 4: 441, 12: 49, 8: 501}, 4: {7: 351, 6: 665, 2: 831, 8: 299, 4: 761, 3: 809, 11: 60, 9: 126, 5: 595, 1: 383, 10: 116, 12: 4}, 5: {10: 978, 12: 1559, 11: 977, 9: 532, 6: 153, 7: 275, 5: 104, 8: 360, 4: 47, 2: 3, 3: 12}, 6: {12: 144, 4: 594, 8: 628, 6: 504, 7: 593, 10: 405, 5: 521, 9: 456, 3: 430, 2: 327, 1: 161, 11: 237}, 7: {4: 492, 2: 789, 7: 236, 3: 738, 1: 1553, 5: 570, 8: 148, 6: 344, 9: 90, 11: 14, 10: 25, 12: 1}, 8: {11: 943, 9: 803, 12: 768, 8: 531, 10: 723, 5: 199, 6: 274, 4: 114, 7: 559, 3: 65, 2: 21}, 9: {8: 486, 1: 405, 7: 596, 5: 578, 10: 258, 9: 410, 4: 410, 12: 52, 3: 519, 2: 529, 6: 468, 11: 289}, 10: {2: 947, 5: 576, 8: 261, 4: 836, 1: 287, 3: 834, 10: 106, 6: 632, 7: 315, 9: 127, 11: 73, 12: 6}, 11: {9: 672, 11: 771, 10: 943, 7: 240, 12: 1636, 6: 156, 4: 37, 8: 438, 5: 90, 2: 3, 3: 14}}",
2026-05-18T22:13:28Z,10m,3,ntp_10m,EleutherAI/pythia-160m,random_init,1,8631296,8631296,0.00025,8,3.176239252090454,23.95648961026267,"{0: {1: 175, 8: 686, 4: 575, 5: 472, 3: 441, 7: 527, 9: 505, 6: 555, 2: 277, 10: 434, 12: 131, 11: 222}, 1: {2: 719, 1: 1603, 6: 309, 4: 657, 7: 244, 5: 557, 3: 656, 8: 150, 9: 72, 12: 1, 10: 27, 11: 5}, 2: {5: 215, 10: 804, 9: 705, 8: 565, 12: 620, 6: 309, 7: 582, 11: 1017, 3: 57, 4: 106, 2: 18, 1: 2}, 3: {3: 476, 6: 546, 10: 344, 7: 447, 1: 379, 11: 370, 5: 491, 8: 518, 2: 546, 12: 82, 9: 405, 4: 396}, 4: {7: 366, 4: 733, 5: 564, 8: 298, 2: 828, 3: 794, 10: 96, 9: 148, 6: 659, 11: 57, 1: 455, 12: 2}, 5: {10: 848, 11: 916, 12: 1598, 9: 559, 7: 295, 6: 168, 8: 402, 5: 129, 4: 60, 3: 24, 2: 1}, 6: {11: 238, 5: 547, 8: 562, 7: 599, 10: 448, 9: 491, 6: 528, 4: 585, 12: 139, 2: 255, 3: 437, 1: 171}, 7: {6: 327, 3: 777, 2: 830, 5: 592, 4: 529, 8: 108, 1: 1507, 7: 213, 10: 21, 9: 87, 12: 2, 11: 7}, 8: {12: 655, 9: 816, 10: 726, 11: 981, 8: 519, 7: 579, 4: 113, 6: 316, 3: 71, 5: 196, 2: 26, 1: 2}, 9: {8: 451, 2: 548, 7: 521, 1: 358, 6: 443, 11: 382, 10: 312, 3: 504, 4: 394, 9: 438, 5: 564, 12: 85}, 10: {4: 791, 7: 356, 6: 667, 3: 748, 2: 948, 5: 550, 1: 348, 9: 145, 8: 285, 10: 93, 11: 68, 12: 1}, 11: {9: 629, 12: 1684, 11: 737, 10: 847, 6: 173, 5: 123, 7: 271, 8: 456, 4: 61, 3: 15, 2: 4}}",
2026-05-18T22:31:18Z,10m,1,ntp_10m_for_nsp,EleutherAI/pythia-160m,random_init,1,4300800,4300800,0.00025,8,3.512622594833374,33.53610416749833,"{0: {1: 202, 8: 645, 2: 306, 4: 597, 6: 681, 9: 408, 5: 540, 10: 338, 3: 442, 7: 687, 12: 51, 11: 103}, 1: {3: 705, 1: 1333, 4: 650, 5: 601, 2: 716, 9: 114, 8: 175, 6: 421, 7: 248, 10: 30, 12: 1, 11: 6}, 2: {7: 329, 11: 1320, 10: 837, 8: 485, 6: 180, 12: 830, 9: 865, 5: 90, 4: 48, 3: 15, 2: 1}, 3: {4: 477, 7: 555, 1: 390, 2: 490, 8: 620, 10: 345, 9: 351, 6: 548, 5: 531, 11: 175, 3: 509, 12: 9}, 4: {6: 555, 4: 671, 3: 739, 1: 636, 7: 322, 2: 894, 8: 266, 9: 144, 5: 572, 10: 129, 11: 63, 12: 9}, 5: {11: 919, 12: 1595, 9: 520, 6: 189, 8: 379, 10: 947, 5: 109, 7: 277, 3: 15, 4: 50}, 6: {10: 312, 5: 602, 6: 633, 8: 611, 3: 443, 4: 635, 7: 684, 9: 423, 11: 112, 2: 319, 1: 196, 12: 30}, 7: {5: 599, 3: 877, 2: 792, 1: 1280, 7: 261, 6: 380, 10: 32, 4: 518, 8: 153, 9: 102, 11: 5, 12: 1}, 8: {12: 833, 9: 919, 11: 1261, 10: 755, 8: 472, 7: 388, 6: 183, 5: 105, 3: 20, 2: 5, 4: 59}, 9: {9: 343, 2: 528, 8: 539, 6: 486, 1: 359, 3: 526, 11: 161, 10: 345, 5: 621, 7: 636, 4: 450, 12: 6}, 10: {2: 948, 6: 553, 7: 337, 1: 604, 5: 518, 4: 782, 3: 695, 8: 252, 10: 114, 11: 57, 9: 134, 12: 6}, 11: {8: 403, 10: 816, 12: 1629, 9: 677, 7: 276, 5: 112, 11: 818, 6: 191, 4: 63, 3: 14, 2: 1}}",
2026-05-18T22:50:05Z,10m,1,nsp_10m,EleutherAI/pythia-160m,./models/pythia/ntp_10m_nsp_model_run1,1,10407009,10407009,0.00025,8,2.839860439300537,17.113377015611416,"{0: {1: 43, 10: 494, 7: 539, 6: 652, 8: 656, 5: 587, 3: 355, 9: 548, 4: 492, 2: 229, 12: 180, 11: 225}, 1: {3: 625, 2: 756, 5: 433, 1: 1672, 4: 570, 11: 39, 9: 160, 10: 63, 6: 310, 8: 164, 7: 206, 12: 2}, 2: {4: 136, 11: 913, 9: 721, 7: 530, 8: 523, 10: 634, 12: 767, 5: 269, 6: 386, 1: 1, 2: 33, 3: 87}, 3: {2: 611, 7: 437, 1: 570, 3: 444, 10: 340, 4: 458, 11: 371, 9: 401, 12: 81, 8: 382, 6: 474, 5: 431}, 4: {6: 511, 3: 859, 1: 339, 8: 351, 2: 801, 5: 563, 4: 782, 9: 166, 7: 386, 11: 79, 10: 144, 12: 19}, 5: {8: 449, 12: 1384, 10: 860, 7: 372, 11: 875, 5: 164, 9: 481, 4: 98, 3: 37, 6: 275, 2: 5}, 6: {11: 284, 4: 503, 10: 522, 3: 368, 5: 581, 9: 490, 6: 604, 12: 184, 2: 216, 7: 597, 8: 603, 1: 48}, 7: {7: 244, 1: 1571, 2: 825, 4: 473, 3: 738, 6: 293, 9: 151, 5: 437, 10: 81, 8: 155, 11: 30, 12: 2}, 8: {12: 859, 8: 516, 9: 708, 11: 863, 7: 530, 10: 636, 3: 106, 6: 322, 5: 279, 4: 150, 2: 31}, 9: {9: 422, 6: 388, 5: 476, 4: 452, 1: 518, 10: 310, 11: 373, 12: 92, 7: 475, 3: 494, 8: 372, 2: 628}, 10: {5: 591, 8: 355, 2: 859, 6: 540, 3: 852, 4: 808, 7: 353, 1: 237, 11: 92, 10: 146, 12: 20, 9: 147}, 11: {10: 770, 9: 605, 12: 1410, 11: 856, 7: 331, 8: 474, 5: 189, 4: 78, 6: 245, 2: 6, 3: 35, 1: 1}}",
2026-05-18T23:11:08Z,10m,2,ntp_10m_for_nsp,EleutherAI/pythia-160m,random_init,1,4300800,4300800,0.00025,8,3.5174500942230225,33.698391094748004,"{0: {1: 172, 4: 618, 6: 707, 8: 731, 9: 404, 5: 579, 2: 393, 10: 219, 3: 448, 7: 684, 11: 37, 12: 8}, 1: {5: 606, 2: 576, 1: 1409, 7: 327, 6: 455, 4: 624, 8: 212, 3: 613, 10: 41, 9: 124, 12: 2, 11: 11}, 2: {7: 286, 9: 940, 11: 1394, 12: 874, 10: 775, 8: 405, 3: 9, 6: 155, 4: 43, 5: 118, 2: 1}, 3: {3: 485, 5: 514, 7: 484, 4: 449, 10: 390, 1: 495, 11: 135, 8: 633, 2: 556, 9: 341, 6: 499, 12: 19}, 4: {6: 638, 8: 286, 2: 857, 9: 119, 3: 801, 4: 740, 5: 573, 1: 501, 7: 341, 11: 34, 10: 109, 12: 1}, 5: {11: 993, 12: 1557, 10: 1087, 9: 521, 6: 142, 5: 95, 7: 246, 8: 296, 4: 53, 3: 9, 2: 1}, 6: {10: 245, 3: 500, 8: 680, 2: 388, 7: 781, 6: 633, 12: 8, 5: 591, 4: 643, 1: 133, 9: 353, 11: 45}, 7: {4: 514, 6: 430, 5: 604, 3: 697, 1: 1328, 2: 706, 7: 380, 8: 162, 9: 121, 10: 45, 11: 13}, 8: {12: 991, 11: 1263, 5: 135, 8: 401, 10: 696, 7: 308, 9: 989, 4: 37, 6: 162, 3: 18}, 9: {9: 346, 1: 489, 3: 600, 7: 610, 5: 549, 11: 120, 8: 546, 4: 436, 6: 418, 2: 531, 10: 338, 12: 17}, 10: {2: 990, 7: 309, 6: 581, 5: 529, 4: 792, 1: 473, 3: 803, 8: 296, 11: 39, 10: 81, 9: 106, 12: 1}, 11: {8: 352, 10: 974, 12: 1522, 6: 180, 11: 916, 9: 636, 7: 244, 3: 17, 5: 107, 4: 51, 2: 1}}",
2026-05-18T23:33:52Z,10m,2,nsp_10m,EleutherAI/pythia-160m,./models/pythia/ntp_10m_nsp_model_run2,1,10407009,10407009,0.00025,8,2.832725763320923,16.991713147918905,"{0: {1: 81, 5: 550, 4: 545, 7: 522, 6: 670, 9: 558, 10: 428, 8: 605, 2: 294, 11: 225, 3: 375, 12: 147}, 1: {2: 714, 7: 290, 1: 1570, 6: 334, 8: 200, 3: 621, 10: 84, 5: 411, 4: 571, 9: 164, 11: 37, 12: 4}, 2: {6: 391, 12: 756, 9: 644, 11: 1036, 10: 676, 8: 507, 7: 486, 5: 251, 2: 24, 4: 138, 3: 91}, 3: {4: 437, 3: 503, 1: 557, 5: 445, 7: 471, 9: 421, 6: 451, 11: 312, 8: 423, 2: 569, 10: 360, 12: 51}, 4: {7: 388, 8: 366, 6: 483, 2: 822, 10: 160, 5: 543, 3: 832, 4: 677, 11: 115, 1: 395, 9: 204, 12: 15}, 5: {10: 840, 11: 840, 12: 1447, 5: 213, 8: 358, 6: 267, 7: 374, 9: 482, 4: 117, 3: 52, 2: 9, 1: 1}, 6: {11: 238, 2: 269, 7: 584, 8: 562, 5: 642, 9: 473, 6: 561, 10: 497, 4: 548, 12: 153, 3: 406, 1: 67}, 7: {5: 441, 4: 499, 3: 716, 6: 334, 1: 1459, 2: 787, 7: 287, 8: 178, 10: 86, 11: 41, 9: 167, 12: 5}, 8: {12: 826, 9: 678, 11: 974, 10: 615, 6: 329, 5: 254, 8: 549, 7: 514, 4: 144, 3: 86, 2: 30, 1: 1}, 9: {8: 423, 1: 565, 5: 535, 4: 422, 7: 429, 11: 317, 2: 542, 12: 63, 10: 338, 6: 420, 3: 518, 9: 428}, 10: {3: 763, 6: 487, 8: 380, 4: 780, 1: 304, 2: 931, 11: 105, 5: 514, 10: 172, 9: 203, 7: 338, 12: 23}, 11: {9: 578, 10: 744, 12: 1510, 11: 760, 8: 449, 7: 317, 5: 201, 6: 273, 3: 37, 4: 122, 2: 9}}",
2026-05-18T23:51:06Z,10m,3,ntp_10m_for_nsp,EleutherAI/pythia-160m,random_init,1,4300800,4300800,0.00025,8,3.5119147300720215,33.51237354115309,"{0: {2: 357, 3: 396, 7: 601, 5: 526, 8: 765, 1: 222, 6: 657, 11: 110, 9: 487, 4: 526, 10: 325, 12: 28}, 1: {5: 583, 1: 1319, 4: 690, 3: 768, 2: 716, 8: 162, 6: 413, 10: 22, 7: 240, 9: 82, 11: 4, 12: 1}, 2: {7: 358, 9: 799, 11: 1354, 12: 834, 8: 514, 10: 815, 5: 89, 6: 183, 4: 37, 3: 16, 2: 1}, 3: {3: 515, 5: 548, 6: 593, 4: 488, 9: 362, 7: 549, 1: 352, 10: 318, 8: 580, 2: 494, 11: 189, 12: 12}, 4: {6: 648, 7: 295, 8: 257, 2: 827, 4: 728, 5: 524, 3: 770, 10: 101, 1: 662, 9: 142, 11: 43, 12: 3}, 5: {11: 921, 10: 1021, 12: 1567, 7: 290, 8: 332, 9: 554, 6: 161, 5: 103, 4: 40, 3: 10, 2: 1}, 6: {10: 385, 8: 585, 5: 606, 7: 771, 2: 350, 9: 432, 6: 594, 4: 538, 3: 435, 1: 174, 11: 112, 12: 18}, 7: {4: 590, 1: 1309, 6: 370, 3: 837, 2: 787, 5: 619, 7: 240, 8: 140, 9: 81, 10: 21, 11: 6}, 8: {12: 927, 11: 1211, 9: 962, 10: 693, 7: 400, 5: 113, 8: 487, 6: 142, 3: 17, 4: 46, 2: 2}, 9: {8: 527, 2: 462, 3: 497, 1: 398, 7: 637, 11: 176, 10: 301, 5: 683, 9: 348, 4: 481, 6: 482, 12: 8}, 10: {1: 564, 6: 585, 2: 1001, 8: 250, 5: 506, 3: 727, 4: 800, 7: 324, 9: 118, 10: 80, 11: 41, 12: 4}, 11: {9: 633, 12: 1598, 10: 918, 8: 401, 11: 833, 7: 295, 6: 172, 5: 100, 4: 36, 2: 2, 3: 12}}",
2026-05-19T00:09:01Z,10m,3,nsp_10m,EleutherAI/pythia-160m,./models/pythia/ntp_10m_nsp_model_run3,1,10407009,10407009,0.00025,8,2.8280177116394043,16.91190330611129,"{0: {2: 306, 8: 617, 3: 379, 6: 645, 9: 506, 5: 555, 4: 524, 7: 494, 10: 492, 12: 154, 1: 81, 11: 247}, 1: {1: 1475, 9: 171, 6: 359, 7: 242, 3: 713, 5: 418, 4: 588, 2: 748, 11: 25, 8: 185, 10: 74, 12: 2}, 2: {7: 466, 12: 696, 9: 680, 11: 1078, 10: 708, 8: 566, 6: 357, 4: 131, 5: 234, 2: 16, 3: 68}, 3: {4: 434, 2: 577, 1: 579, 5: 465, 3: 425, 10: 363, 11: 358, 6: 451, 7: 455, 9: 420, 8: 422, 12: 51}, 4: {5: 587, 6: 548, 4: 748, 8: 288, 2: 803, 3: 810, 1: 434, 11: 92, 10: 147, 7: 351, 9: 180, 12: 12}, 5: {9: 467, 10: 782, 12: 1492, 5: 166, 8: 451, 6: 272, 7: 433, 11: 795, 4: 88, 3: 41, 2: 13}, 6: {8: 548, 1: 67, 7: 576, 2: 269, 9: 514, 10: 489, 3: 405, 11: 282, 6: 601, 5: 581, 4: 518, 12: 150}, 7: {3: 774, 2: 793, 4: 512, 1: 1431, 9: 161, 5: 506, 7: 252, 6: 289, 8: 177, 11: 25, 10: 78, 12: 2}, 8: {11: 922, 5: 243, 10: 670, 8: 543, 9: 753, 7: 530, 12: 809, 3: 76, 4: 137, 6: 298, 2: 18, 1: 1}, 9: {10: 382, 4: 424, 7: 490, 8: 387, 1: 598, 11: 333, 12: 65, 9: 438, 5: 487, 3: 457, 6: 384, 2: 555}, 10: {6: 537, 7: 316, 4: 804, 5: 549, 1: 334, 8: 332, 2: 899, 10: 140, 3: 816, 9: 157, 11: 103, 12: 13}, 11: {12: 1554, 11: 740, 9: 553, 6: 259, 7: 395, 5: 209, 8: 484, 10: 675, 4: 92, 3: 36, 2: 3}}",
2026-05-19T00:26:16Z,10m,1,ntp_10m_for_nup,EleutherAI/pythia-160m,random_init,1,4300800,4300800,0.00025,8,3.512622356414795,33.536096171868984,"{0: {1: 202, 8: 645, 2: 306, 4: 597, 6: 681, 9: 408, 5: 540, 10: 337, 3: 442, 7: 687, 12: 51, 11: 104}, 1: {3: 705, 1: 1333, 4: 650, 5: 601, 2: 716, 9: 114, 8: 175, 6: 421, 7: 248, 10: 30, 12: 1, 11: 6}, 2: {7: 329, 11: 1320, 10: 837, 8: 485, 6: 180, 12: 830, 9: 865, 5: 90, 4: 48, 3: 15, 2: 1}, 3: {4: 477, 7: 555, 1: 390, 2: 490, 8: 620, 10: 345, 9: 351, 6: 548, 5: 531, 11: 175, 3: 509, 12: 9}, 4: {6: 555, 4: 671, 3: 739, 1: 636, 7: 322, 2: 894, 8: 266, 9: 144, 5: 572, 10: 129, 11: 63, 12: 9}, 5: {11: 919, 12: 1595, 9: 520, 6: 189, 8: 379, 10: 947, 5: 109, 7: 277, 3: 15, 4: 50}, 6: {10: 312, 5: 602, 6: 633, 8: 611, 3: 443, 4: 635, 7: 684, 9: 423, 11: 112, 2: 319, 1: 196, 12: 30}, 7: {5: 599, 3: 877, 2: 792, 1: 1280, 7: 261, 6: 380, 10: 32, 4: 518, 8: 153, 9: 102, 11: 5, 12: 1}, 8: {12: 833, 9: 919, 11: 1261, 10: 755, 8: 472, 7: 388, 6: 183, 5: 105, 3: 20, 2: 5, 4: 59}, 9: {9: 343, 2: 528, 8: 539, 6: 486, 1: 359, 3: 526, 11: 161, 10: 345, 5: 621, 7: 636, 4: 450, 12: 6}, 10: {2: 948, 6: 553, 7: 337, 1: 604, 5: 518, 4: 782, 3: 695, 8: 252, 10: 114, 11: 57, 9: 134, 12: 6}, 11: {8: 403, 10: 817, 12: 1629, 9: 677, 7: 276, 5: 112, 11: 817, 6: 191, 4: 63, 3: 14, 2: 1}}",
2026-05-19T00:46:21Z,10m,1,nup_10m,EleutherAI/pythia-160m,./models/pythia/ntp_10m_nup_model_run1,1,9392162,9392162,0.00025,8,2.9675445556640625,19.444116984805632,"{0: {1: 121, 10: 491, 7: 487, 4: 489, 6: 551, 12: 295, 9: 489, 3: 341, 8: 523, 5: 540, 2: 305, 11: 368}, 1: {3: 738, 4: 634, 1: 1630, 2: 747, 5: 380, 9: 149, 12: 3, 7: 231, 6: 255, 10: 51, 8: 152, 11: 30}, 2: {4: 215, 8: 489, 11: 905, 5: 290, 9: 671, 10: 692, 7: 554, 12: 606, 6: 422, 3: 116, 2: 37, 1: 3}, 3: {5: 470, 7: 475, 2: 558, 6: 517, 9: 447, 10: 317, 1: 398, 3: 478, 11: 332, 4: 429, 12: 60, 8: 519}, 4: {7: 388, 6: 598, 4: 611, 3: 770, 10: 175, 1: 422, 2: 767, 8: 343, 11: 126, 5: 569, 9: 210, 12: 21}, 5: {8: 465, 9: 520, 12: 1480, 10: 783, 6: 282, 7: 363, 11: 816, 5: 163, 4: 87, 3: 33, 2: 7, 1: 1}, 6: {12: 293, 5: 552, 8: 492, 7: 505, 9: 474, 6: 530, 11: 380, 10: 498, 3: 372, 4: 519, 2: 290, 1: 95}, 7: {6: 237, 3: 820, 5: 382, 7: 240, 2: 800, 4: 537, 1: 1606, 10: 59, 9: 129, 8: 161, 11: 26, 12: 3}, 8: {11: 823, 1: 6, 9: 692, 12: 648, 7: 541, 10: 672, 4: 190, 5: 326, 6: 385, 8: 548, 3: 123, 2: 46}, 9: {9: 440, 2: 526, 6: 445, 1: 409, 5: 578, 12: 76, 11: 303, 4: 443, 8: 464, 3: 464, 10: 339, 7: 513}, 10: {2: 906, 12: 27, 5: 535, 4: 747, 3: 713, 1: 309, 6: 522, 10: 174, 7: 375, 9: 209, 8: 355, 11: 128}, 11: {10: 749, 11: 763, 9: 570, 6: 256, 8: 489, 12: 1488, 7: 328, 5: 215, 3: 32, 4: 99, 2: 11}}",
2026-05-19T01:13:56Z,10m,2,ntp_10m_for_nup,EleutherAI/pythia-160m,random_init,1,4300800,4300800,0.00025,8,3.517448902130127,33.69835092315933,"{0: {1: 172, 4: 618, 6: 707, 8: 731, 9: 404, 5: 579, 2: 393, 10: 219, 3: 448, 7: 684, 11: 37, 12: 8}, 1: {5: 607, 2: 576, 1: 1409, 7: 327, 6: 455, 4: 623, 8: 212, 3: 613, 10: 41, 9: 124, 12: 2, 11: 11}, 2: {7: 287, 9: 940, 11: 1394, 12: 874, 10: 775, 8: 404, 3: 9, 6: 155, 4: 43, 5: 118, 2: 1}, 3: {3: 486, 5: 514, 7: 484, 4: 448, 10: 390, 1: 495, 11: 135, 8: 633, 2: 556, 9: 341, 6: 499, 12: 19}, 4: {6: 638, 8: 287, 2: 857, 9: 119, 3: 801, 4: 740, 5: 573, 1: 501, 7: 340, 11: 34, 10: 109, 12: 1}, 5: {11: 993, 12: 1557, 10: 1087, 9: 521, 6: 142, 5: 95, 7: 246, 8: 296, 4: 53, 3: 9, 2: 1}, 6: {10: 245, 3: 500, 8: 680, 2: 388, 7: 781, 6: 633, 12: 8, 5: 591, 4: 643, 1: 133, 9: 353, 11: 45}, 7: {4: 515, 6: 430, 5: 603, 3: 697, 1: 1328, 2: 706, 7: 380, 8: 162, 9: 121, 10: 45, 11: 13}, 8: {12: 991, 11: 1263, 5: 135, 8: 401, 10: 696, 7: 308, 9: 989, 4: 37, 6: 162, 3: 18}, 9: {9: 346, 1: 489, 3: 600, 7: 610, 5: 549, 11: 120, 8: 546, 4: 436, 6: 418, 2: 531, 10: 338, 12: 17}, 10: {2: 990, 7: 309, 6: 581, 5: 529, 4: 793, 1: 473, 3: 802, 8: 296, 11: 39, 10: 81, 9: 106, 12: 1}, 11: {8: 352, 10: 974, 12: 1522, 6: 180, 11: 916, 9: 636, 7: 244, 3: 17, 5: 107, 4: 51, 2: 1}}",
2026-05-19T01:39:24Z,10m,2,nup_10m,EleutherAI/pythia-160m,./models/pythia/ntp_10m_nup_model_run2,1,9392162,9392162,0.00025,8,2.96504807472229,19.395635658856254,"{0: {2: 160, 9: 588, 5: 569, 3: 287, 4: 492, 7: 557, 6: 702, 10: 483, 8: 653, 12: 188, 11: 277, 1: 44}, 1: {1: 1755, 4: 635, 3: 594, 7: 237, 2: 701, 9: 137, 5: 413, 8: 193, 6: 279, 11: 20, 10: 36}, 2: {5: 275, 11: 904, 9: 661, 7: 531, 10: 671, 8: 537, 6: 349, 12: 706, 3: 126, 4: 193, 2: 46, 1: 1}, 3: {6: 445, 5: 415, 4: 419, 8: 416, 3: 490, 2: 681, 1: 399, 12: 71, 11: 445, 10: 395, 9: 385, 7: 439}, 4: {4: 729, 6: 534, 7: 323, 2: 847, 11: 76, 5: 590, 3: 913, 8: 336, 1: 371, 10: 117, 9: 154, 12: 10}, 5: {8: 432, 12: 1412, 10: 832, 5: 172, 11: 866, 7: 343, 6: 262, 9: 513, 3: 51, 4: 110, 2: 5, 1: 2}, 6: {12: 210, 1: 46, 8: 633, 6: 641, 10: 490, 9: 527, 7: 626, 4: 444, 11: 270, 5: 635, 3: 315, 2: 163}, 7: {7: 241, 3: 721, 1: 1710, 6: 305, 5: 431, 2: 742, 4: 490, 9: 134, 8: 154, 10: 54, 11: 17, 12: 1}, 8: {11: 873, 7: 549, 10: 579, 12: 769, 9: 703, 6: 361, 5: 283, 8: 536, 4: 172, 3: 109, 2: 64, 1: 2}, 9: {9: 447, 2: 657, 4: 419, 7: 474, 1: 416, 12: 89, 11: 421, 3: 496, 8: 410, 10: 379, 6: 358, 5: 434}, 10: {3: 852, 8: 302, 2: 925, 6: 546, 4: 782, 7: 344, 1: 254, 10: 145, 5: 600, 9: 170, 11: 61, 12: 19}, 11: {10: 819, 9: 581, 11: 770, 5: 183, 12: 1525, 6: 218, 7: 336, 4: 115, 8: 398, 2: 9, 3: 46}}",
2026-05-19T02:04:06Z,10m,3,ntp_10m_for_nup,EleutherAI/pythia-160m,random_init,1,4300800,4300800,0.00025,8,3.5119147300720215,33.51237354115309,"{0: {2: 357, 3: 396, 7: 601, 5: 525, 8: 765, 1: 222, 6: 658, 11: 110, 9: 487, 4: 526, 10: 325, 12: 28}, 1: {5: 584, 1: 1320, 4: 690, 3: 768, 2: 716, 8: 160, 6: 411, 10: 22, 7: 241, 9: 83, 11: 4, 12: 1}, 2: {7: 358, 9: 799, 11: 1351, 12: 834, 8: 514, 10: 818, 5: 89, 6: 183, 4: 38, 3: 15, 2: 1}, 3: {3: 515, 5: 552, 6: 591, 4: 487, 10: 318, 7: 549, 1: 352, 8: 580, 2: 493, 9: 360, 11: 191, 12: 12}, 4: {6: 648, 7: 295, 8: 257, 2: 827, 4: 728, 5: 522, 3: 773, 10: 101, 1: 661, 9: 142, 11: 43, 12: 3}, 5: {11: 921, 10: 1020, 12: 1567, 7: 289, 8: 333, 9: 555, 6: 161, 5: 103, 4: 40, 3: 10, 2: 1}, 6: {10: 385, 8: 585, 5: 607, 7: 771, 2: 350, 9: 432, 6: 594, 4: 537, 3: 435, 1: 174, 11: 112, 12: 18}, 7: {4: 588, 1: 1309, 6: 372, 3: 837, 2: 788, 5: 618, 7: 240, 8: 140, 9: 81, 10: 21, 11: 6}, 8: {12: 927, 11: 1212, 9: 963, 7: 400, 10: 691, 5: 113, 8: 487, 6: 142, 3: 17, 4: 46, 2: 2}, 9: {8: 527, 2: 462, 3: 497, 1: 398, 7: 637, 11: 175, 10: 301, 5: 680, 9: 348, 4: 482, 6: 484, 12: 9}, 10: {1: 564, 6: 584, 2: 1001, 8: 250, 5: 507, 3: 725, 4: 802, 7: 324, 9: 118, 10: 80, 11: 41, 12: 4}, 11: {9: 632, 12: 1597, 10: 918, 8: 402, 11: 834, 7: 295, 6: 172, 5: 100, 4: 36, 2: 2, 3: 12}}",
2026-05-19T02:28:54Z,10m,3,nup_10m,EleutherAI/pythia-160m,./models/pythia/ntp_10m_nup_model_run3,1,9392162,9392162,0.00025,8,2.962494373321533,19.346168186365617,"{0: {1: 81, 9: 562, 6: 626, 8: 604, 4: 491, 5: 514, 10: 556, 12: 219, 2: 222, 3: 327, 7: 508, 11: 290}, 1: {2: 746, 5: 431, 1: 1688, 4: 624, 6: 295, 3: 676, 9: 109, 8: 167, 7: 215, 10: 43, 11: 5, 12: 1}, 2: {6: 374, 12: 688, 11: 888, 9: 710, 7: 554, 10: 681, 5: 266, 8: 557, 2: 34, 4: 177, 3: 69, 1: 2}, 3: {5: 498, 4: 419, 10: 322, 6: 536, 3: 432, 11: 411, 8: 426, 7: 474, 2: 553, 1: 407, 9: 441, 12: 81}, 4: {7: 340, 6: 577, 4: 716, 1: 402, 8: 304, 3: 888, 2: 831, 9: 146, 11: 80, 10: 127, 5: 583, 12: 6}, 5: {10: 795, 11: 916, 12: 1414, 9: 531, 7: 364, 8: 467, 6: 219, 4: 85, 5: 162, 3: 41, 2: 6}, 6: {12: 231, 1: 82, 7: 558, 4: 480, 6: 562, 9: 518, 8: 553, 10: 548, 5: 598, 11: 271, 2: 237, 3: 362}, 7: {4: 514, 3: 751, 1: 1671, 5: 434, 2: 831, 6: 271, 7: 235, 8: 144, 9: 103, 10: 38, 11: 7, 12: 1}, 8: {11: 768, 7: 624, 9: 706, 10: 659, 12: 740, 8: 552, 3: 103, 4: 153, 6: 368, 5: 275, 2: 52}, 9: {8: 416, 2: 516, 6: 400, 1: 425, 7: 495, 12: 128, 11: 403, 5: 541, 4: 430, 10: 321, 9: 434, 3: 491}, 10: {3: 824, 8: 326, 7: 336, 4: 825, 5: 551, 2: 963, 1: 242, 10: 125, 6: 555, 9: 155, 11: 90, 12: 8}, 11: {9: 585, 10: 785, 12: 1483, 7: 297, 11: 871, 5: 147, 4: 86, 8: 484, 6: 217, 2: 9, 3: 36}}",
2026-05-19T02:29:24Z,10m,1,dyck_pretrain,EleutherAI/pythia-160m,random_init,1,4999680,4999680,0.00025,8,3.5905826091766357,36.25519238234133,,
2026-05-19T02:53:32Z,10m,1,dyck_5m_childes,EleutherAI/pythia-160m,./models/pythia/paren-model_run1,1,4999680,4999680,0.00025,8,3.3065237998962402,27.290094564816695,"{0: {1: 49, 10: 414, 7: 586, 3: 335, 4: 584, 2: 218, 5: 559, 8: 712, 9: 549, 6: 607, 11: 227, 12: 160}, 1: {2: 682, 8: 178, 1: 1833, 6: 358, 3: 572, 9: 116, 5: 442, 4: 542, 7: 221, 10: 45, 11: 11}, 2: {7: 474, 12: 643, 11: 1135, 8: 536, 10: 667, 5: 274, 9: 671, 6: 336, 4: 150, 3: 86, 2: 27, 1: 1}, 3: {3: 505, 4: 450, 9: 445, 7: 492, 1: 448, 11: 286, 6: 486, 10: 392, 12: 47, 2: 645, 8: 428, 5: 376}, 4: {5: 587, 7: 383, 6: 579, 2: 839, 8: 312, 3: 942, 4: 762, 9: 154, 10: 115, 1: 272, 11: 49, 12: 6}, 5: {9: 498, 11: 839, 12: 1613, 10: 909, 7: 315, 8: 360, 6: 244, 5: 127, 4: 74, 3: 18, 1: 1, 2: 2}, 6: {12: 142, 4: 511, 8: 637, 9: 478, 5: 649, 10: 484, 11: 266, 6: 573, 7: 628, 1: 47, 3: 382, 2: 203}, 7: {4: 470, 1: 1728, 2: 744, 7: 253, 6: 298, 3: 669, 9: 122, 5: 479, 8: 168, 11: 10, 12: 1, 10: 58}, 8: {8: 495, 2: 40, 9: 748, 12: 710, 11: 1022, 10: 640, 6: 307, 5: 281, 7: 516, 3: 84, 4: 156, 1: 1}, 9: {11: 292, 5: 508, 1: 423, 6: 416, 7: 504, 9: 471, 4: 431, 10: 326, 8: 427, 2: 638, 3: 519, 12: 45}, 10: {6: 560, 3: 874, 8: 324, 5: 578, 2: 958, 4: 798, 7: 364, 9: 150, 1: 196, 10: 131, 11: 60, 12: 7}, 11: {10: 819, 9: 598, 11: 803, 12: 1626, 7: 264, 8: 423, 6: 236, 5: 140, 3: 14, 2: 4, 4: 72, 1: 1}}",
2026-05-19T02:53:57Z,10m,2,dyck_pretrain,EleutherAI/pythia-160m,random_init,1,4999680,4999680,0.00025,8,3.5944228172302246,36.394687537892125,,
2026-05-19T03:18:39Z,10m,2,dyck_5m_childes,EleutherAI/pythia-160m,./models/pythia/paren-model_run2,1,4999680,4999680,0.00025,8,3.3084352016448975,27.34230678265489,"{0: {3: 402, 6: 674, 8: 730, 2: 212, 5: 617, 11: 149, 9: 536, 7: 601, 4: 594, 10: 339, 12: 100, 1: 46}, 1: {5: 409, 7: 223, 1: 1794, 3: 630, 8: 147, 2: 795, 4: 558, 9: 116, 6: 271, 10: 42, 11: 13, 12: 2}, 2: {10: 801, 9: 707, 7: 530, 11: 1075, 8: 523, 6: 364, 12: 441, 4: 159, 5: 256, 2: 31, 3: 112, 1: 1}, 3: {4: 454, 5: 445, 8: 452, 3: 466, 6: 456, 2: 685, 10: 359, 11: 355, 1: 477, 7: 420, 9: 408, 12: 23}, 4: {11: 130, 3: 887, 4: 695, 10: 186, 7: 391, 2: 673, 5: 570, 9: 253, 6: 557, 8: 372, 12: 17, 1: 269}, 5: {12: 1846, 10: 784, 11: 844, 9: 427, 4: 77, 5: 113, 8: 325, 6: 258, 7: 304, 3: 20, 1: 1, 2: 1}, 6: {2: 227, 10: 420, 7: 703, 8: 631, 5: 691, 9: 520, 4: 518, 3: 385, 1: 33, 6: 625, 11: 159, 12: 88}, 7: {1: 1733, 2: 831, 7: 226, 4: 516, 5: 421, 9: 130, 6: 279, 3: 681, 11: 17, 8: 129, 10: 35, 12: 2}, 8: {8: 530, 3: 104, 9: 733, 12: 547, 11: 993, 7: 525, 6: 312, 5: 286, 10: 761, 4: 177, 2: 30, 1: 2}, 9: {6: 438, 4: 424, 1: 471, 8: 428, 7: 439, 10: 295, 11: 375, 2: 689, 9: 438, 3: 491, 5: 472, 12: 40}, 10: {7: 387, 2: 822, 5: 564, 6: 548, 1: 173, 4: 766, 3: 802, 9: 212, 8: 378, 10: 212, 11: 111, 12: 25}, 11: {9: 520, 8: 355, 11: 779, 7: 251, 12: 1869, 5: 156, 6: 218, 10: 766, 4: 62, 3: 20, 2: 4}}",
2026-05-19T03:19:05Z,10m,3,dyck_pretrain,EleutherAI/pythia-160m,random_init,1,4999680,4999680,0.00025,8,3.5978572368621826,36.51989705521044,,
2026-05-19T03:42:55Z,10m,3,dyck_5m_childes,EleutherAI/pythia-160m,./models/pythia/paren-model_run3,1,4999680,4999680,0.00025,8,3.3145856857299805,27.5109934258657,"{0: {2: 236, 9: 512, 5: 607, 6: 585, 4: 639, 3: 411, 7: 613, 8: 741, 1: 98, 10: 350, 11: 139, 12: 69}, 1: {1: 1794, 4: 621, 3: 628, 9: 79, 2: 716, 10: 14, 5: 469, 7: 231, 6: 313, 8: 132, 11: 3}, 2: {4: 124, 11: 1200, 10: 767, 9: 776, 8: 504, 12: 568, 6: 274, 7: 488, 5: 228, 3: 50, 2: 21}, 3: {6: 547, 5: 408, 4: 410, 7: 445, 9: 415, 2: 704, 10: 337, 8: 505, 11: 290, 1: 497, 3: 425, 12: 17}, 4: {3: 846, 6: 722, 2: 722, 11: 60, 5: 625, 1: 254, 4: 699, 7: 399, 8: 350, 9: 199, 12: 7, 10: 117}, 5: {8: 366, 10: 972, 12: 1770, 9: 426, 7: 260, 6: 170, 11: 847, 5: 120, 3: 20, 4: 49}, 6: {12: 82, 2: 252, 8: 638, 6: 632, 4: 573, 7: 700, 10: 391, 9: 470, 3: 435, 5: 613, 11: 142, 1: 72}, 7: {7: 224, 1: 1693, 5: 496, 2: 769, 4: 557, 3: 736, 6: 303, 10: 23, 9: 71, 8: 126, 11: 2}, 8: {11: 1115, 6: 268, 9: 854, 12: 650, 10: 713, 5: 228, 8: 485, 7: 495, 4: 114, 3: 62, 2: 16}, 9: {9: 430, 7: 501, 3: 481, 1: 441, 6: 420, 10: 332, 4: 430, 5: 509, 11: 305, 8: 409, 2: 718, 12: 24}, 10: {5: 580, 8: 357, 2: 844, 4: 750, 3: 888, 6: 611, 1: 151, 9: 197, 7: 413, 10: 145, 11: 56, 12: 8}, 11: {10: 839, 12: 1805, 11: 841, 7: 231, 8: 387, 9: 571, 5: 117, 6: 155, 3: 18, 4: 34, 2: 2}}",
2026-05-19T03:46:04Z,10m,1,pos_pretrain,EleutherAI/pythia-160m,random_init,1,4930590,4930590,0.00025,8,1.1252999305725098,3.0811408386804437,,
2026-05-19T04:02:52Z,10m,1,pos_5m_childes,EleutherAI/pythia-160m,./models/pythia/pos-model_run1,1,4999680,4999680,0.00025,8,3.5633716583251953,35.28195552533755,"{0: {3: 352, 7: 553, 9: 543, 6: 634, 2: 248, 5: 582, 4: 539, 8: 738, 11: 195, 12: 125, 1: 73, 10: 418}, 1: {1: 1662, 2: 675, 4: 658, 3: 723, 7: 270, 6: 326, 5: 454, 8: 143, 11: 2, 10: 20, 9: 66, 12: 1}, 2: {7: 453, 11: 1246, 9: 723, 10: 697, 8: 519, 5: 215, 12: 705, 4: 79, 6: 306, 3: 46, 2: 11}, 3: {5: 510, 8: 510, 7: 535, 10: 382, 6: 600, 1: 268, 11: 285, 3: 526, 9: 390, 4: 495, 12: 46, 2: 453}, 4: {4: 720, 5: 542, 6: 496, 1: 586, 8: 252, 3: 776, 9: 155, 2: 1002, 7: 282, 11: 69, 10: 116, 12: 4}, 5: {10: 949, 12: 1560, 9: 538, 8: 362, 7: 290, 6: 240, 11: 826, 5: 128, 4: 88, 3: 18, 2: 1}, 6: {12: 133, 6: 607, 3: 368, 8: 605, 9: 507, 7: 693, 4: 534, 11: 206, 5: 599, 2: 247, 10: 439, 1: 62}, 7: {6: 281, 3: 843, 1: 1573, 5: 489, 7: 285, 2: 767, 4: 535, 8: 127, 10: 13, 9: 81, 11: 5, 12: 1}, 8: {11: 1094, 10: 684, 8: 529, 9: 763, 12: 808, 7: 458, 6: 310, 5: 207, 3: 51, 4: 85, 2: 10, 1: 1}, 9: {9: 434, 2: 431, 5: 648, 6: 457, 1: 263, 7: 595, 11: 252, 10: 338, 3: 533, 12: 49, 4: 481, 8: 519}, 10: {2: 1153, 4: 710, 6: 518, 5: 469, 1: 512, 3: 743, 8: 249, 7: 290, 9: 159, 11: 75, 10: 116, 12: 6}, 11: {8: 447, 9: 641, 10: 828, 12: 1562, 7: 296, 11: 745, 5: 157, 6: 225, 4: 76, 3: 21, 2: 2}}",
2026-05-19T04:05:52Z,10m,2,pos_pretrain,EleutherAI/pythia-160m,random_init,1,4930590,4930590,0.00025,8,1.1259899139404297,3.0832675082122836,,
2026-05-19T04:23:30Z,10m,2,pos_5m_childes,EleutherAI/pythia-160m,./models/pythia/pos-model_run2,1,4999680,4999680,0.00025,8,3.5801494121551514,35.8789011905539,"{0: {6: 756, 7: 640, 4: 615, 5: 582, 10: 412, 8: 696, 9: 481, 11: 139, 3: 323, 2: 213, 1: 63, 12: 80}, 1: {2: 732, 1: 1506, 4: 663, 3: 785, 5: 517, 7: 212, 6: 330, 10: 22, 8: 146, 9: 81, 11: 5, 12: 1}, 2: {11: 1307, 9: 758, 12: 783, 7: 406, 8: 539, 10: 729, 6: 227, 5: 157, 4: 59, 1: 1, 2: 7, 3: 27}, 3: {3: 545, 8: 519, 2: 493, 9: 411, 6: 511, 4: 471, 1: 386, 7: 556, 11: 211, 10: 377, 5: 497, 12: 23}, 4: {5: 532, 3: 787, 1: 616, 10: 97, 2: 968, 4: 711, 6: 551, 8: 238, 7: 297, 9: 145, 11: 46, 12: 12}, 5: {12: 1539, 10: 972, 5: 98, 9: 535, 8: 400, 7: 337, 11: 861, 6: 198, 4: 48, 3: 12}, 6: {8: 603, 6: 741, 7: 729, 9: 449, 5: 669, 11: 165, 4: 603, 10: 397, 3: 315, 2: 166, 12: 90, 1: 73}, 7: {1: 1466, 2: 830, 6: 305, 5: 533, 4: 519, 3: 870, 7: 209, 8: 129, 9: 105, 10: 26, 11: 8}, 8: {9: 828, 10: 724, 8: 561, 11: 1119, 12: 843, 5: 138, 7: 452, 6: 219, 2: 5, 3: 34, 4: 77}, 9: {7: 572, 4: 422, 9: 435, 10: 317, 1: 395, 8: 510, 11: 246, 3: 564, 12: 27, 5: 598, 6: 428, 2: 486}, 10: {4: 777, 5: 576, 8: 230, 2: 1097, 6: 533, 1: 494, 3: 726, 10: 108, 7: 283, 9: 115, 11: 49, 12: 12}, 11: {10: 819, 11: 844, 12: 1590, 7: 307, 8: 429, 9: 657, 6: 201, 5: 103, 2: 3, 4: 35, 3: 12}}",
2026-05-19T04:26:30Z,10m,3,pos_pretrain,EleutherAI/pythia-160m,random_init,1,4930590,4930590,0.00025,8,1.1259034872055054,3.0830010429836765,,
2026-05-19T04:43:33Z,10m,3,pos_5m_childes,EleutherAI/pythia-160m,./models/pythia/pos-model_run3,1,4999680,4999680,0.00025,8,3.569164752960205,35.48694040774216,"{0: {1: 133, 7: 517, 4: 519, 5: 498, 8: 742, 3: 353, 6: 670, 10: 448, 2: 300, 11: 176, 9: 536, 12: 108}, 1: {2: 713, 1: 1579, 3: 763, 5: 520, 8: 144, 4: 631, 7: 217, 6: 339, 10: 24, 9: 66, 12: 1, 11: 3}, 2: {4: 69, 8: 489, 11: 1284, 9: 737, 10: 724, 7: 450, 12: 752, 6: 276, 5: 180, 3: 34, 2: 5}, 3: {6: 607, 10: 305, 7: 623, 11: 169, 4: 489, 2: 424, 9: 385, 8: 528, 3: 525, 1: 363, 5: 551, 12: 31}, 4: {7: 312, 4: 793, 8: 256, 2: 955, 10: 116, 3: 738, 6: 589, 5: 549, 1: 528, 9: 110, 11: 51, 12: 3}, 5: {11: 904, 12: 1510, 10: 994, 9: 542, 7: 267, 8: 393, 6: 199, 4: 66, 5: 109, 3: 14, 2: 2}, 6: {10: 484, 6: 567, 8: 705, 3: 351, 9: 531, 5: 562, 4: 482, 7: 638, 2: 292, 11: 172, 12: 106, 1: 110}, 7: {5: 565, 2: 773, 3: 864, 4: 546, 1: 1506, 6: 306, 7: 223, 8: 119, 9: 62, 10: 30, 11: 4, 12: 2}, 8: {12: 843, 9: 834, 11: 1251, 8: 437, 10: 639, 7: 463, 3: 45, 6: 239, 5: 163, 4: 79, 2: 7}, 9: {8: 504, 5: 661, 7: 677, 1: 328, 6: 483, 11: 174, 10: 276, 4: 501, 3: 537, 9: 399, 2: 427, 12: 33}, 10: {3: 756, 1: 453, 4: 786, 2: 1098, 5: 523, 8: 225, 7: 338, 6: 537, 9: 128, 10: 109, 11: 43, 12: 4}, 11: {9: 670, 11: 769, 6: 188, 12: 1607, 10: 851, 7: 275, 8: 458, 5: 119, 4: 39, 2: 4, 3: 20}}",
2026-05-19T05:01:40Z,100m,1,ntp_100m,EleutherAI/pythia-160m,random_init,4,99999744,99999744,0.00025,8,2.662024736404419,14.325264639681238,"{0: {3: 348, 11: 254, 4: 499, 7: 587, 2: 205, 8: 641, 6: 597, 10: 457, 9: 611, 12: 219, 5: 501, 1: 81}, 1: {1: 1505, 3: 659, 7: 292, 2: 680, 9: 139, 5: 467, 4: 617, 8: 181, 6: 345, 10: 69, 11: 34, 12: 12}, 2: {2: 103, 10: 645, 6: 351, 8: 478, 9: 644, 12: 811, 7: 400, 5: 298, 11: 874, 4: 211, 3: 169, 1: 16}, 3: {5: 447, 3: 443, 11: 411, 1: 571, 4: 407, 2: 651, 12: 225, 8: 343, 6: 419, 7: 382, 10: 327, 9: 374}, 4: {4: 684, 2: 697, 9: 230, 6: 525, 1: 433, 3: 725, 8: 405, 10: 195, 5: 581, 11: 99, 7: 403, 12: 23}, 5: {7: 394, 10: 764, 11: 845, 12: 1198, 4: 143, 3: 64, 8: 459, 1: 8, 9: 577, 6: 340, 5: 191, 2: 17}, 6: {11: 349, 8: 589, 9: 499, 6: 600, 10: 497, 5: 574, 12: 176, 4: 473, 7: 596, 3: 373, 2: 197, 1: 77}, 7: {8: 205, 1: 1366, 5: 481, 9: 126, 2: 810, 6: 318, 4: 548, 10: 86, 3: 701, 7: 323, 12: 3, 11: 33}, 8: {12: 888, 2: 89, 11: 843, 8: 474, 10: 669, 6: 307, 7: 433, 9: 630, 4: 204, 1: 15, 3: 175, 5: 273}, 9: {10: 382, 9: 333, 7: 379, 4: 405, 3: 524, 1: 571, 5: 397, 2: 657, 8: 358, 12: 235, 6: 424, 11: 335}, 10: {6: 472, 8: 383, 7: 429, 1: 353, 10: 194, 11: 91, 4: 681, 3: 722, 2: 867, 9: 238, 5: 539, 12: 31}, 11: {9: 599, 12: 1179, 10: 715, 5: 251, 11: 832, 7: 382, 2: 27, 6: 302, 8: 484, 4: 128, 3: 97, 1: 4}}",
2026-05-19T05:19:39Z,100m,2,ntp_100m,EleutherAI/pythia-160m,random_init,4,99999744,99999744,0.00025,8,2.66062068939209,14.305165408097979,"{0: {4: 421, 5: 456, 2: 220, 6: 551, 8: 585, 9: 568, 11: 390, 7: 517, 10: 459, 1: 120, 12: 412, 3: 301}, 1: {1: 1456, 3: 670, 6: 342, 2: 787, 9: 117, 5: 471, 4: 587, 8: 178, 7: 281, 11: 32, 10: 64, 12: 15}, 2: {5: 305, 11: 873, 4: 239, 8: 459, 12: 808, 10: 619, 9: 629, 3: 195, 6: 330, 7: 466, 2: 68, 1: 9}, 3: {7: 412, 4: 459, 6: 455, 1: 538, 8: 386, 11: 317, 10: 375, 9: 390, 2: 544, 3: 532, 12: 165, 5: 427}, 4: {6: 533, 10: 173, 8: 356, 1: 442, 5: 593, 4: 675, 7: 369, 3: 746, 2: 762, 9: 228, 11: 90, 12: 33}, 5: {10: 794, 12: 1046, 11: 827, 9: 595, 7: 403, 6: 349, 8: 526, 5: 230, 4: 141, 3: 66, 2: 12, 1: 11}, 6: {12: 374, 8: 576, 6: 552, 5: 456, 10: 512, 4: 410, 11: 419, 7: 554, 9: 512, 2: 243, 3: 308, 1: 84}, 7: {3: 702, 2: 784, 9: 131, 10: 78, 1: 1417, 4: 497, 7: 322, 5: 518, 8: 177, 6: 334, 11: 38, 12: 2}, 8: {9: 579, 6: 345, 12: 947, 11: 796, 7: 461, 8: 473, 10: 606, 4: 240, 5: 316, 2: 75, 3: 154, 1: 8}, 9: {11: 282, 3: 524, 2: 587, 10: 385, 9: 368, 1: 563, 6: 404, 5: 454, 4: 461, 12: 190, 7: 414, 8: 368}, 10: {2: 897, 4: 752, 7: 416, 6: 480, 3: 695, 1: 348, 5: 527, 8: 374, 10: 186, 9: 219, 11: 67, 12: 39}, 11: {8: 542, 9: 664, 10: 749, 7: 385, 12: 969, 3: 107, 6: 325, 11: 869, 5: 247, 4: 118, 2: 21, 1: 4}}",
2026-05-19T05:37:05Z,100m,3,ntp_100m,EleutherAI/pythia-160m,random_init,4,99999744,99999744,0.00025,8,2.657931089401245,14.26674193040274,"{0: {2: 222, 9: 569, 6: 527, 10: 509, 4: 454, 7: 566, 11: 377, 8: 599, 12: 321, 3: 334, 5: 428, 1: 94}, 1: {1: 1535, 4: 554, 3: 642, 5: 461, 9: 153, 6: 379, 7: 259, 2: 714, 8: 209, 10: 61, 12: 8, 11: 25}, 2: {3: 215, 11: 806, 9: 671, 8: 420, 10: 619, 12: 817, 6: 323, 2: 97, 4: 253, 7: 453, 1: 19, 5: 307}, 3: {4: 444, 8: 335, 3: 459, 12: 259, 2: 617, 9: 332, 1: 541, 7: 387, 5: 472, 11: 370, 6: 459, 10: 325}, 4: {5: 527, 10: 184, 2: 711, 1: 386, 7: 401, 6: 528, 8: 403, 3: 799, 4: 700, 11: 92, 9: 241, 12: 28}, 5: {8: 481, 12: 1020, 10: 786, 7: 460, 11: 836, 4: 163, 6: 371, 5: 221, 9: 558, 1: 12, 2: 16, 3: 76}, 6: {12: 263, 7: 562, 6: 460, 9: 535, 4: 434, 5: 541, 11: 443, 2: 232, 8: 573, 10: 533, 3: 334, 1: 90}, 7: {7: 293, 1: 1472, 5: 461, 8: 186, 2: 804, 4: 475, 10: 94, 9: 136, 3: 676, 6: 367, 11: 35, 12: 1}, 8: {11: 733, 5: 315, 12: 902, 6: 329, 9: 630, 3: 185, 10: 597, 4: 225, 8: 527, 2: 104, 7: 440, 1: 13}, 9: {10: 327, 3: 508, 4: 392, 2: 644, 5: 481, 8: 358, 1: 534, 11: 345, 9: 346, 6: 382, 7: 376, 12: 307}, 10: {6: 541, 2: 812, 8: 399, 5: 532, 3: 694, 4: 763, 1: 300, 12: 31, 7: 413, 11: 95, 10: 218, 9: 202}, 11: {9: 627, 6: 334, 11: 843, 10: 747, 4: 143, 12: 1043, 7: 390, 8: 510, 5: 254, 2: 27, 3: 78, 1: 4}}",
2026-05-19T05:54:22Z,100m,1,ntp_100m_for_nsp,EleutherAI/pythia-160m,random_init,4,45543424,45543424,0.00025,8,2.779935598373413,16.117982890286168,"{0: {6: 648, 8: 655, 2: 227, 7: 559, 1: 111, 5: 534, 11: 246, 3: 364, 4: 492, 9: 503, 10: 468, 12: 193}, 1: {3: 687, 2: 816, 1: 1575, 4: 603, 9: 105, 5: 450, 8: 179, 6: 296, 7: 254, 12: 2, 10: 28, 11: 5}, 2: {11: 962, 7: 519, 5: 269, 6: 303, 12: 674, 8: 502, 3: 136, 10: 708, 9: 658, 4: 210, 2: 53, 1: 6}, 3: {5: 463, 10: 331, 3: 474, 8: 425, 2: 541, 4: 423, 11: 421, 6: 532, 9: 445, 1: 376, 12: 136, 7: 433}, 4: {4: 681, 11: 61, 1: 488, 9: 215, 6: 565, 3: 757, 8: 339, 5: 598, 2: 757, 12: 14, 10: 151, 7: 374}, 5: {12: 1422, 9: 564, 8: 411, 10: 846, 7: 330, 5: 144, 11: 926, 3: 29, 6: 230, 4: 92, 2: 5, 1: 1}, 6: {9: 462, 10: 469, 7: 626, 5: 549, 12: 200, 6: 606, 11: 262, 3: 359, 2: 230, 4: 492, 8: 636, 1: 109}, 7: {1: 1498, 3: 729, 7: 255, 8: 162, 4: 518, 2: 878, 5: 516, 6: 313, 9: 87, 11: 11, 10: 33}, 8: {7: 489, 6: 305, 12: 791, 11: 868, 10: 676, 9: 667, 4: 215, 5: 277, 8: 518, 2: 66, 3: 121, 1: 7}, 9: {10: 353, 1: 406, 6: 419, 2: 518, 8: 412, 3: 518, 5: 514, 12: 144, 7: 437, 11: 356, 9: 453, 4: 470}, 10: {2: 905, 4: 730, 8: 332, 1: 423, 5: 513, 3: 788, 6: 520, 7: 386, 9: 193, 10: 134, 11: 64, 12: 12}, 11: {8: 429, 5: 173, 11: 818, 10: 803, 9: 648, 6: 263, 7: 338, 12: 1412, 4: 74, 3: 38, 2: 4}}",
2026-05-19T06:17:03Z,100m,1,nsp_100m,EleutherAI/pythia-160m,./models/pythia/ntp_100m_nsp_model_run1,4,1281084,1281084,0.00025,8,3.2292561531066895,25.26085976864808,"{0: {2: 425, 5: 549, 3: 487, 4: 607, 10: 322, 9: 470, 7: 561, 6: 594, 1: 205, 8: 570, 12: 83, 11: 127}, 1: {5: 469, 10: 109, 4: 626, 2: 678, 1: 1332, 3: 634, 6: 368, 7: 326, 9: 184, 8: 219, 11: 42, 12: 13}, 2: {6: 312, 12: 798, 8: 447, 10: 703, 9: 709, 11: 1161, 7: 365, 5: 247, 3: 79, 4: 150, 2: 28, 1: 1}, 3: {1: 574, 2: 507, 3: 541, 9: 383, 10: 320, 6: 501, 5: 461, 7: 514, 11: 185, 4: 522, 8: 445, 12: 47}, 4: {3: 672, 8: 494, 2: 752, 1: 445, 7: 396, 10: 227, 4: 623, 5: 505, 6: 503, 9: 262, 11: 98, 12: 23}, 5: {4: 75, 11: 925, 6: 267, 9: 469, 12: 1503, 5: 143, 8: 374, 10: 897, 7: 303, 2: 5, 3: 39}, 6: {9: 440, 1: 175, 7: 610, 6: 589, 3: 479, 8: 551, 5: 630, 10: 356, 2: 438, 4: 558, 11: 133, 12: 41}, 7: {8: 225, 3: 728, 5: 471, 6: 363, 7: 335, 2: 689, 1: 1359, 4: 479, 9: 192, 11: 39, 10: 110, 12: 10}, 8: {11: 1114, 6: 268, 12: 869, 4: 159, 8: 439, 9: 743, 7: 396, 5: 224, 3: 104, 10: 653, 2: 28, 1: 3}, 9: {12: 58, 4: 480, 9: 349, 7: 453, 2: 555, 8: 439, 10: 293, 6: 495, 5: 589, 1: 536, 3: 577, 11: 176}, 10: {7: 466, 10: 215, 8: 386, 4: 646, 2: 890, 5: 533, 9: 252, 3: 625, 6: 497, 1: 370, 11: 96, 12: 24}, 11: {10: 795, 9: 547, 12: 1531, 6: 243, 3: 35, 11: 904, 7: 275, 8: 411, 4: 75, 5: 179, 2: 5}}",
2026-05-19T06:33:56Z,100m,2,ntp_100m_for_nsp,EleutherAI/pythia-160m,random_init,4,45543424,45543424,0.00025,8,2.780719041824341,16.130615366192853,"{0: {4: 483, 10: 476, 3: 336, 5: 481, 1: 87, 6: 593, 9: 537, 11: 320, 8: 589, 2: 224, 7: 532, 12: 342}, 1: {1: 1600, 5: 438, 2: 778, 4: 644, 3: 753, 8: 126, 6: 326, 9: 92, 7: 209, 10: 26, 11: 5, 12: 3}, 2: {5: 265, 11: 897, 7: 552, 8: 498, 6: 354, 10: 679, 12: 671, 3: 111, 9: 727, 2: 65, 4: 178, 1: 3}, 3: {7: 488, 9: 407, 4: 444, 6: 496, 8: 476, 3: 476, 1: 361, 2: 450, 10: 336, 11: 376, 5: 473, 12: 217}, 4: {6: 564, 8: 320, 2: 891, 4: 686, 7: 380, 5: 565, 3: 763, 1: 523, 11: 40, 10: 106, 9: 160, 12: 2}, 5: {12: 1243, 10: 868, 9: 582, 11: 903, 4: 96, 5: 142, 6: 283, 7: 336, 8: 513, 3: 29, 2: 4, 1: 1}, 6: {11: 362, 2: 235, 9: 517, 7: 542, 8: 559, 10: 493, 12: 300, 5: 516, 4: 472, 1: 90, 3: 336, 6: 578}, 7: {3: 834, 4: 575, 5: 497, 10: 43, 6: 313, 2: 810, 9: 78, 1: 1520, 7: 199, 8: 122, 12: 3, 11: 6}, 8: {9: 705, 3: 105, 12: 728, 7: 526, 11: 862, 8: 522, 10: 685, 4: 195, 6: 306, 5: 299, 2: 66, 1: 1}, 9: {10: 375, 1: 355, 6: 422, 4: 441, 7: 499, 3: 476, 11: 334, 12: 235, 9: 388, 2: 460, 5: 565, 8: 450}, 10: {2: 1006, 7: 389, 8: 298, 5: 576, 1: 456, 6: 516, 3: 736, 4: 710, 9: 145, 10: 115, 11: 47, 12: 6}, 11: {8: 527, 6: 249, 11: 848, 10: 798, 9: 662, 12: 1250, 3: 45, 5: 183, 2: 11, 7: 348, 4: 76, 1: 3}}",
2026-05-19T06:56:13Z,100m,2,nsp_100m,EleutherAI/pythia-160m,./models/pythia/ntp_100m_nsp_model_run2,4,1281084,1281084,0.00025,8,3.2274510860443115,25.215303351276162,"{0: {4: 600, 1: 117, 5: 554, 10: 428, 2: 291, 6: 605, 7: 555, 9: 540, 8: 650, 3: 380, 11: 173, 12: 107}, 1: {1: 1423, 9: 174, 3: 686, 4: 580, 6: 379, 8: 230, 5: 414, 10: 78, 7: 314, 2: 695, 11: 26, 12: 1}, 2: {5: 276, 10: 709, 11: 1108, 7: 413, 12: 758, 9: 634, 8: 462, 6: 356, 4: 145, 3: 114, 2: 22, 1: 3}, 3: {3: 569, 5: 479, 8: 459, 11: 285, 4: 531, 2: 444, 1: 395, 10: 352, 9: 469, 6: 474, 7: 488, 12: 55}, 4: {2: 896, 11: 87, 6: 467, 4: 618, 3: 679, 5: 456, 9: 237, 8: 365, 1: 580, 10: 219, 7: 362, 12: 34}, 5: {6: 323, 12: 1512, 10: 821, 5: 206, 11: 912, 7: 302, 8: 361, 9: 420, 3: 42, 4: 96, 2: 4, 1: 1}, 6: {8: 553, 6: 572, 9: 474, 7: 607, 3: 427, 5: 634, 10: 432, 4: 595, 11: 192, 2: 316, 1: 111, 12: 87}, 7: {7: 315, 3: 725, 1: 1443, 4: 509, 2: 764, 5: 448, 8: 220, 9: 148, 6: 321, 10: 82, 11: 21, 12: 4}, 8: {11: 1009, 7: 461, 9: 684, 8: 485, 12: 811, 6: 311, 5: 288, 4: 153, 10: 631, 3: 126, 2: 40, 1: 1}, 9: {10: 331, 2: 465, 6: 457, 5: 538, 7: 508, 9: 461, 8: 438, 1: 408, 11: 266, 3: 577, 4: 473, 12: 78}, 10: {9: 194, 4: 618, 8: 397, 5: 453, 3: 635, 1: 518, 7: 371, 10: 196, 11: 99, 2: 1052, 6: 436, 12: 31}, 11: {12: 1522, 8: 380, 10: 721, 9: 565, 11: 822, 7: 304, 5: 254, 6: 299, 4: 82, 3: 40, 2: 11}}",
2026-05-19T07:13:33Z,100m,3,ntp_100m_for_nsp,EleutherAI/pythia-160m,random_init,4,45543424,45543424,0.00025,8,2.779306650161743,16.107848701045764,"{0: {2: 322, 10: 410, 4: 554, 6: 579, 3: 380, 8: 588, 7: 522, 9: 528, 12: 223, 1: 155, 11: 242, 5: 497}, 1: {1: 1320, 5: 559, 2: 723, 9: 120, 3: 615, 4: 656, 8: 195, 7: 296, 6: 443, 11: 23, 10: 50}, 2: {3: 87, 11: 991, 6: 330, 10: 741, 8: 502, 9: 674, 12: 766, 7: 477, 5: 224, 4: 169, 2: 33, 1: 6}, 3: {6: 432, 9: 372, 1: 585, 8: 381, 10: 352, 7: 416, 2: 581, 11: 402, 5: 396, 3: 466, 12: 217, 4: 400}, 4: {5: 550, 6: 570, 3: 798, 7: 396, 8: 370, 1: 489, 4: 710, 10: 127, 11: 57, 2: 746, 9: 178, 12: 9}, 5: {8: 489, 12: 1213, 7: 401, 9: 566, 4: 102, 10: 835, 6: 269, 5: 179, 11: 871, 3: 59, 2: 13, 1: 3}, 6: {11: 279, 4: 506, 10: 466, 5: 525, 7: 560, 8: 590, 9: 496, 6: 544, 12: 208, 3: 405, 2: 268, 1: 153}, 7: {7: 339, 3: 756, 5: 626, 4: 516, 1: 1295, 2: 717, 9: 134, 6: 369, 11: 23, 8: 158, 10: 67}, 8: {12: 951, 2: 41, 11: 848, 4: 165, 7: 490, 6: 273, 10: 707, 8: 474, 9: 707, 5: 262, 3: 78, 1: 4}, 9: {10: 367, 1: 583, 8: 427, 5: 449, 4: 391, 11: 391, 2: 628, 3: 463, 6: 376, 9: 349, 12: 208, 7: 368}, 10: {4: 713, 8: 313, 9: 206, 3: 828, 2: 915, 5: 514, 6: 532, 1: 407, 10: 121, 7: 383, 11: 61, 12: 7}, 11: {9: 670, 7: 352, 12: 1198, 10: 757, 3: 65, 5: 219, 6: 283, 11: 812, 4: 118, 8: 513, 2: 13}}",
2026-05-19T07:36:30Z,100m,3,nsp_100m,EleutherAI/pythia-160m,./models/pythia/ntp_100m_nsp_model_run3,4,1281084,1281084,0.00025,8,3.2266597747802734,25.195358090203804,"{0: {1: 122, 4: 629, 6: 649, 8: 649, 7: 568, 10: 345, 5: 552, 3: 437, 2: 324, 12: 89, 9: 497, 11: 139}, 1: {2: 641, 10: 95, 1: 1450, 9: 202, 4: 609, 8: 202, 5: 415, 6: 385, 3: 637, 7: 337, 11: 21, 12: 6}, 2: {4: 137, 9: 705, 8: 465, 10: 685, 11: 1119, 12: 797, 6: 321, 3: 100, 5: 237, 7: 413, 2: 21}, 3: {3: 581, 1: 530, 4: 485, 8: 468, 11: 241, 5: 480, 7: 464, 10: 337, 2: 522, 6: 490, 9: 347, 12: 55}, 4: {5: 518, 11: 92, 6: 508, 4: 623, 3: 729, 2: 863, 1: 483, 9: 218, 8: 383, 7: 378, 10: 182, 12: 23}, 5: {7: 339, 12: 1421, 10: 875, 11: 937, 9: 466, 6: 263, 4: 95, 8: 357, 3: 49, 5: 187, 2: 9, 1: 2}, 6: {10: 436, 1: 95, 9: 482, 8: 582, 5: 618, 7: 624, 6: 608, 11: 173, 3: 426, 4: 562, 2: 323, 12: 71}, 7: {8: 207, 5: 482, 6: 352, 7: 307, 4: 507, 3: 697, 1: 1368, 2: 725, 9: 200, 12: 8, 10: 101, 11: 46}, 8: {12: 956, 6: 295, 10: 650, 11: 1032, 4: 138, 9: 747, 7: 406, 8: 439, 3: 79, 5: 241, 2: 17}, 9: {9: 411, 2: 554, 7: 483, 5: 526, 10: 306, 4: 431, 6: 428, 11: 242, 8: 455, 1: 529, 3: 560, 12: 75}, 10: {6: 466, 7: 385, 3: 659, 2: 988, 4: 684, 5: 572, 10: 173, 8: 366, 1: 418, 9: 187, 11: 75, 12: 27}, 11: {11: 883, 8: 427, 9: 538, 12: 1472, 10: 815, 5: 172, 6: 235, 4: 100, 7: 296, 3: 46, 1: 3, 2: 13}}",
2026-05-19T07:54:46Z,100m,1,ntp_100m_for_nup,EleutherAI/pythia-160m,random_init,4,45543424,45543424,0.00025,8,2.780503511428833,16.127139102916846,"{0: {6: 621, 3: 385, 8: 627, 1: 128, 4: 513, 7: 522, 11: 251, 12: 219, 9: 532, 2: 219, 5: 535, 10: 448}, 1: {3: 682, 1: 1534, 4: 590, 5: 483, 9: 102, 8: 199, 2: 801, 6: 321, 7: 238, 10: 40, 12: 3, 11: 7}, 2: {10: 706, 3: 130, 5: 291, 11: 924, 8: 484, 9: 645, 12: 719, 7: 503, 6: 326, 4: 204, 2: 63, 1: 5}, 3: {7: 431, 10: 350, 4: 434, 5: 453, 2: 549, 6: 484, 11: 389, 8: 437, 1: 429, 12: 159, 3: 493, 9: 392}, 4: {4: 629, 11: 65, 2: 695, 1: 482, 9: 193, 5: 533, 8: 388, 3: 767, 6: 602, 10: 182, 7: 447, 12: 17}, 5: {12: 1364, 9: 562, 11: 918, 8: 428, 10: 838, 7: 364, 4: 96, 6: 252, 3: 38, 5: 130, 2: 9, 1: 1}, 6: {9: 495, 10: 459, 6: 551, 5: 547, 8: 592, 7: 627, 12: 185, 3: 393, 2: 244, 4: 493, 11: 295, 1: 119}, 7: {1: 1496, 4: 548, 6: 316, 7: 270, 2: 869, 3: 725, 5: 458, 9: 95, 8: 164, 10: 39, 11: 18, 12: 2}, 8: {5: 292, 8: 518, 12: 820, 11: 876, 10: 635, 6: 299, 4: 221, 3: 116, 7: 473, 9: 669, 2: 72, 1: 9}, 9: {11: 343, 2: 588, 8: 392, 3: 498, 7: 402, 1: 418, 10: 361, 5: 513, 12: 182, 6: 419, 4: 480, 9: 404}, 10: {2: 887, 7: 400, 4: 710, 1: 377, 6: 540, 3: 727, 5: 591, 8: 329, 10: 140, 9: 216, 11: 62, 12: 21}, 11: {8: 442, 5: 174, 11: 852, 10: 802, 12: 1309, 9: 695, 7: 323, 6: 269, 3: 46, 4: 82, 2: 4, 1: 2}}",
2026-05-19T08:15:46Z,100m,1,nup_100m,EleutherAI/pythia-160m,./models/pythia/ntp_100m_nup_model_run1,4,2143540,2143540,0.00025,8,3.358618974685669,28.749459719043045,"{0: {5: 530, 1: 200, 2: 422, 7: 519, 6: 618, 11: 176, 12: 94, 10: 379, 4: 553, 8: 586, 9: 479, 3: 444}, 1: {1: 1331, 5: 446, 3: 658, 4: 606, 2: 745, 6: 353, 7: 335, 8: 235, 11: 24, 9: 177, 10: 83, 12: 7}, 2: {4: 159, 3: 104, 6: 354, 9: 656, 11: 1125, 5: 279, 10: 683, 12: 741, 8: 471, 7: 405, 2: 21, 1: 2}, 3: {9: 381, 4: 554, 1: 671, 5: 452, 8: 422, 2: 529, 3: 583, 6: 531, 11: 168, 7: 454, 10: 237, 12: 18}, 4: {3: 613, 12: 28, 4: 596, 2: 685, 10: 296, 7: 433, 1: 436, 9: 297, 11: 190, 6: 459, 8: 495, 5: 472}, 5: {10: 821, 11: 922, 8: 335, 12: 1532, 5: 176, 4: 87, 9: 501, 7: 324, 6: 267, 3: 30, 2: 3, 1: 2}, 6: {7: 558, 8: 553, 3: 499, 11: 192, 2: 427, 5: 593, 4: 574, 6: 482, 9: 464, 10: 449, 1: 157, 12: 52}, 7: {2: 788, 9: 175, 10: 79, 6: 396, 5: 496, 7: 327, 3: 754, 4: 532, 1: 1180, 8: 234, 11: 31, 12: 8}, 8: {11: 1041, 7: 400, 12: 862, 8: 429, 9: 682, 10: 667, 5: 275, 3: 88, 6: 363, 2: 34, 4: 158, 1: 1}, 9: {8: 393, 2: 560, 5: 555, 4: 522, 1: 685, 9: 332, 3: 576, 10: 245, 7: 470, 11: 158, 6: 477, 12: 27}, 10: {6: 441, 10: 301, 9: 329, 11: 171, 2: 782, 3: 608, 4: 584, 8: 429, 1: 335, 5: 510, 7: 475, 12: 35}, 11: {12: 1596, 6: 259, 11: 802, 7: 300, 10: 760, 8: 418, 9: 527, 5: 216, 3: 43, 4: 75, 2: 4}}",
2026-05-19T08:32:51Z,100m,2,ntp_100m_for_nup,EleutherAI/pythia-160m,random_init,4,45543424,45543424,0.00025,8,2.780046224594116,16.119766060449546,"{0: {4: 479, 10: 478, 5: 490, 1: 91, 11: 331, 9: 534, 8: 576, 6: 629, 3: 366, 2: 230, 12: 293, 7: 503}, 1: {1: 1583, 2: 771, 4: 626, 5: 478, 3: 716, 9: 95, 6: 320, 8: 155, 7: 222, 11: 6, 10: 27, 12: 1}, 2: {6: 316, 11: 922, 9: 704, 5: 296, 12: 753, 10: 656, 7: 530, 4: 170, 2: 68, 8: 488, 3: 93, 1: 4}, 3: {7: 489, 9: 439, 3: 467, 8: 447, 1: 373, 6: 542, 11: 325, 12: 202, 2: 454, 4: 477, 5: 421, 10: 364}, 4: {5: 521, 7: 400, 2: 887, 6: 533, 3: 777, 1: 545, 8: 325, 11: 38, 10: 120, 4: 705, 9: 143, 12: 6}, 5: {9: 595, 12: 1186, 10: 880, 11: 893, 8: 524, 5: 140, 6: 272, 7: 368, 4: 97, 3: 39, 2: 4, 1: 2}, 6: {12: 260, 5: 554, 8: 539, 6: 578, 10: 512, 7: 582, 4: 486, 3: 326, 11: 353, 9: 495, 1: 101, 2: 214}, 7: {3: 845, 2: 796, 4: 559, 8: 139, 5: 496, 1: 1490, 6: 294, 7: 224, 9: 90, 11: 7, 10: 57, 12: 3}, 8: {10: 657, 4: 182, 11: 887, 12: 809, 9: 659, 7: 503, 8: 525, 6: 306, 2: 59, 5: 300, 3: 109, 1: 4}, 9: {11: 342, 3: 497, 6: 420, 7: 473, 12: 232, 4: 430, 5: 559, 8: 442, 10: 336, 9: 433, 2: 487, 1: 349}, 10: {2: 1017, 6: 545, 7: 376, 4: 713, 8: 294, 1: 456, 3: 718, 9: 181, 5: 554, 10: 107, 11: 30, 12: 9}, 11: {8: 546, 12: 1246, 10: 806, 11: 866, 6: 245, 5: 191, 3: 47, 7: 330, 9: 632, 4: 76, 1: 2, 2: 13}}",
2026-05-19T08:54:07Z,100m,2,nup_100m,EleutherAI/pythia-160m,./models/pythia/ntp_100m_nup_model_run2,4,2143540,2143540,0.00025,8,3.360328197479248,28.798640969781957,"{0: {1: 186, 4: 626, 6: 636, 3: 504, 11: 110, 5: 561, 9: 437, 8: 591, 10: 343, 7: 550, 2: 393, 12: 63}, 1: {2: 738, 10: 81, 6: 358, 4: 616, 3: 660, 7: 300, 1: 1340, 5: 473, 8: 220, 9: 179, 11: 24, 12: 11}, 2: {6: 324, 9: 742, 11: 1194, 10: 728, 8: 476, 12: 630, 7: 421, 5: 252, 2: 27, 3: 75, 4: 131}, 3: {3: 528, 1: 685, 5: 476, 9: 378, 2: 561, 8: 448, 10: 271, 4: 465, 7: 463, 11: 224, 6: 493, 12: 8}, 4: {4: 561, 12: 9, 1: 456, 11: 169, 6: 495, 3: 659, 9: 275, 2: 668, 5: 549, 10: 295, 7: 426, 8: 438}, 5: {8: 311, 11: 876, 9: 453, 12: 1748, 10: 790, 4: 90, 6: 252, 5: 159, 7: 281, 3: 35, 2: 5}, 6: {10: 371, 3: 511, 7: 603, 4: 624, 2: 400, 6: 582, 9: 419, 5: 597, 1: 181, 11: 144, 8: 526, 12: 42}, 7: {5: 511, 6: 366, 3: 781, 2: 806, 4: 529, 1: 1159, 7: 357, 8: 205, 9: 183, 11: 15, 10: 86, 12: 2}, 8: {11: 1085, 5: 244, 10: 746, 9: 737, 8: 470, 7: 437, 6: 308, 12: 731, 4: 144, 2: 22, 3: 75, 1: 1}, 9: {9: 367, 2: 607, 5: 539, 7: 459, 1: 642, 4: 503, 11: 179, 3: 535, 8: 430, 10: 273, 6: 446, 12: 20}, 10: {7: 449, 8: 477, 5: 471, 1: 350, 2: 772, 4: 627, 6: 493, 3: 605, 11: 155, 9: 329, 10: 258, 12: 14}, 11: {12: 1722, 7: 254, 8: 408, 5: 168, 11: 825, 10: 758, 3: 32, 9: 501, 6: 247, 4: 84, 2: 1}}",
2026-05-19T09:12:03Z,100m,3,ntp_100m_for_nup,EleutherAI/pythia-160m,random_init,4,45543424,45543424,0.00025,8,2.7792601585388184,16.107099838425878,"{0: {2: 310, 9: 537, 4: 535, 6: 559, 8: 616, 5: 532, 7: 510, 3: 414, 1: 170, 11: 220, 10: 387, 12: 210}, 1: {1: 1350, 5: 570, 4: 635, 9: 133, 6: 403, 2: 683, 3: 636, 7: 310, 8: 207, 10: 50, 11: 21, 12: 2}, 2: {4: 168, 7: 475, 11: 1014, 5: 248, 9: 689, 10: 748, 6: 320, 8: 458, 12: 754, 3: 89, 2: 37}, 3: {6: 467, 8: 362, 3: 461, 7: 383, 10: 363, 2: 585, 11: 406, 9: 388, 1: 548, 5: 396, 12: 198, 4: 443}, 4: {3: 766, 11: 59, 2: 771, 7: 421, 1: 505, 6: 557, 4: 729, 9: 189, 5: 530, 10: 124, 8: 340, 12: 9}, 5: {7: 407, 12: 1247, 10: 840, 9: 560, 4: 115, 11: 878, 8: 462, 6: 266, 5: 154, 2: 15, 3: 53, 1: 3}, 6: {11: 263, 4: 510, 9: 437, 5: 504, 6: 562, 8: 585, 12: 181, 7: 607, 10: 480, 1: 168, 3: 439, 2: 264}, 7: {8: 205, 3: 717, 5: 602, 4: 518, 1: 1298, 2: 718, 10: 64, 6: 391, 7: 324, 9: 137, 11: 26}, 8: {12: 932, 2: 51, 11: 863, 6: 263, 7: 464, 9: 723, 5: 266, 8: 474, 10: 705, 3: 95, 4: 162, 1: 2}, 9: {9: 330, 1: 535, 6: 374, 3: 479, 5: 478, 4: 409, 12: 212, 2: 629, 7: 385, 10: 397, 11: 359, 8: 413}, 10: {5: 529, 10: 119, 8: 358, 2: 931, 3: 790, 4: 658, 1: 420, 7: 373, 6: 547, 9: 189, 11: 79, 12: 7}, 11: {10: 723, 6: 291, 12: 1248, 9: 688, 11: 812, 7: 341, 3: 61, 5: 191, 8: 520, 4: 118, 1: 1, 2: 6}}",
2026-05-19T09:32:03Z,100m,3,nup_100m,EleutherAI/pythia-160m,./models/pythia/ntp_100m_nup_model_run3,4,2143540,2143540,0.00025,8,3.3606364727020264,28.807520245802706,"{0: {2: 356, 8: 624, 7: 549, 10: 410, 5: 569, 9: 506, 3: 426, 6: 605, 4: 560, 1: 161, 12: 64, 11: 170}, 1: {1: 1339, 5: 517, 4: 630, 6: 363, 2: 750, 3: 681, 7: 285, 9: 151, 8: 198, 10: 60, 11: 20, 12: 6}, 2: {5: 215, 10: 706, 11: 1203, 4: 125, 8: 497, 9: 665, 6: 310, 7: 393, 12: 783, 3: 82, 2: 21}, 3: {3: 599, 2: 541, 1: 661, 4: 525, 9: 348, 5: 470, 7: 461, 10: 228, 11: 193, 8: 411, 6: 536, 12: 27}, 4: {4: 580, 7: 403, 2: 729, 8: 479, 11: 148, 5: 548, 1: 419, 6: 483, 10: 251, 3: 677, 9: 269, 12: 14}, 5: {6: 249, 12: 1527, 9: 523, 11: 837, 4: 90, 10: 884, 7: 338, 8: 356, 5: 157, 3: 34, 1: 2, 2: 3}, 6: {8: 504, 4: 543, 6: 553, 3: 470, 11: 196, 5: 591, 7: 644, 9: 477, 2: 387, 1: 145, 10: 424, 12: 66}, 7: {9: 151, 1: 1283, 3: 776, 6: 341, 2: 809, 7: 320, 5: 478, 8: 192, 4: 567, 10: 60, 12: 2, 11: 21}, 8: {12: 851, 6: 304, 10: 710, 9: 699, 5: 226, 7: 418, 8: 502, 11: 1056, 4: 135, 2: 24, 3: 73, 1: 2}, 9: {7: 476, 3: 553, 5: 571, 1: 676, 8: 405, 2: 563, 11: 180, 6: 476, 9: 338, 10: 220, 4: 500, 12: 42}, 10: {10: 286, 9: 273, 7: 453, 8: 451, 4: 651, 3: 595, 6: 533, 5: 489, 2: 810, 11: 128, 1: 312, 12: 19}, 11: {11: 848, 12: 1599, 7: 260, 10: 761, 8: 381, 5: 169, 9: 600, 6: 247, 3: 34, 4: 94, 2: 7}}",
2026-05-19T09:32:38Z,100m,1,dyck_pretrain_100m,EleutherAI/pythia-160m,random_init,1,26404864,26404864,0.00025,8,2.881225109100342,17.836110981914334,,
2026-05-19T09:49:56Z,100m,1,dyck_100m_childes,EleutherAI/pythia-160m,./models/pythia/dyck_100m_model_run1,2,49999872,49999872,0.00025,8,2.7348215579986572,15.406993935790885,"{0: {7: 648, 4: 420, 8: 725, 9: 590, 6: 678, 12: 273, 2: 104, 3: 233, 5: 506, 1: 33, 10: 507, 11: 283}, 1: {1: 1760, 3: 623, 2: 751, 9: 109, 5: 432, 4: 571, 7: 209, 6: 349, 8: 130, 10: 50, 11: 11, 12: 5}, 2: {3: 135, 7: 452, 6: 346, 10: 674, 11: 885, 12: 764, 9: 635, 5: 316, 8: 489, 4: 234, 2: 61, 1: 9}, 3: {4: 428, 10: 336, 2: 644, 5: 420, 8: 388, 11: 417, 7: 395, 6: 407, 3: 479, 12: 277, 9: 391, 1: 418}, 4: {2: 802, 9: 159, 3: 954, 1: 357, 4: 763, 5: 610, 7: 368, 6: 488, 8: 314, 12: 17, 11: 58, 10: 110}, 5: {6: 309, 11: 891, 9: 599, 12: 1133, 8: 467, 7: 419, 10: 863, 5: 151, 3: 42, 4: 113, 2: 6, 1: 7}, 6: {11: 342, 12: 257, 7: 676, 4: 405, 9: 556, 6: 626, 8: 683, 10: 507, 5: 565, 3: 242, 2: 109, 1: 32}, 7: {5: 430, 2: 860, 6: 330, 1: 1648, 3: 689, 8: 151, 11: 17, 7: 225, 4: 514, 9: 72, 10: 63, 12: 1}, 8: {9: 712, 8: 473, 11: 810, 12: 807, 5: 336, 6: 315, 10: 672, 3: 134, 4: 228, 7: 445, 1: 10, 2: 58}, 9: {12: 290, 5: 437, 8: 389, 3: 484, 10: 367, 2: 708, 4: 404, 6: 390, 11: 385, 7: 411, 1: 404, 9: 331}, 10: {8: 293, 1: 317, 10: 123, 7: 352, 3: 933, 6: 491, 4: 814, 2: 886, 12: 17, 5: 558, 9: 163, 11: 53}, 11: {10: 728, 6: 271, 12: 1159, 11: 848, 7: 400, 5: 239, 9: 683, 8: 498, 4: 106, 2: 11, 1: 5, 3: 52}}",
2026-05-19T09:50:24Z,100m,2,dyck_pretrain_100m,EleutherAI/pythia-160m,random_init,1,26404864,26404864,0.00025,8,2.8758349418640137,17.740230000281944,,
2026-05-19T10:08:15Z,100m,2,dyck_100m_childes,EleutherAI/pythia-160m,./models/pythia/dyck_100m_model_run2,2,49999872,49999872,0.00025,8,2.728646993637085,15.312155554272492,"{0: {7: 584, 9: 621, 3: 301, 4: 478, 6: 605, 2: 157, 8: 606, 12: 274, 10: 523, 5: 511, 11: 290, 1: 50}, 1: {1: 1634, 2: 696, 4: 626, 3: 594, 9: 138, 7: 243, 6: 384, 5: 451, 8: 165, 11: 22, 10: 41, 12: 6}, 2: {4: 212, 10: 619, 7: 467, 5: 275, 8: 499, 11: 874, 6: 318, 9: 622, 12: 869, 3: 150, 1: 7, 2: 88}, 3: {6: 418, 8: 404, 4: 436, 5: 383, 1: 496, 2: 638, 9: 417, 11: 399, 7: 408, 3: 448, 10: 362, 12: 191}, 4: {3: 872, 5: 607, 8: 307, 1: 421, 7: 384, 4: 800, 6: 549, 2: 751, 11: 42, 9: 153, 10: 106, 12: 8}, 5: {8: 487, 12: 1073, 9: 614, 10: 827, 5: 208, 7: 423, 11: 905, 6: 292, 3: 45, 4: 112, 2: 12, 1: 2}, 6: {11: 354, 7: 659, 6: 574, 12: 259, 9: 530, 8: 648, 5: 524, 3: 292, 10: 547, 4: 403, 1: 50, 2: 160}, 7: {2: 796, 1: 1548, 9: 100, 8: 152, 6: 390, 5: 524, 3: 639, 4: 490, 7: 265, 10: 67, 11: 28, 12: 1}, 8: {10: 628, 6: 305, 11: 793, 12: 1039, 9: 615, 5: 262, 7: 433, 4: 192, 2: 88, 8: 478, 3: 161, 1: 6}, 9: {12: 223, 3: 502, 2: 690, 4: 391, 10: 387, 7: 395, 6: 375, 5: 423, 11: 367, 8: 405, 1: 466, 9: 376}, 10: {5: 611, 4: 754, 7: 356, 3: 925, 1: 320, 2: 909, 6: 490, 9: 175, 10: 110, 11: 34, 8: 305, 12: 11}, 11: {9: 639, 11: 892, 10: 783, 12: 1046, 7: 383, 4: 106, 8: 544, 6: 300, 5: 221, 3: 71, 2: 15}}",
2026-05-19T10:08:44Z,100m,3,dyck_pretrain_100m,EleutherAI/pythia-160m,random_init,1,26404864,26404864,0.00025,8,2.8799057006835938,17.812593385032073,,
2026-05-19T10:27:11Z,100m,3,dyck_100m_childes,EleutherAI/pythia-160m,./models/pythia/dyck_100m_model_run3,2,49999872,49999872,0.00025,8,2.7323875427246094,15.36953867904926,"{0: {2: 176, 6: 616, 5: 443, 4: 461, 7: 562, 9: 638, 8: 657, 3: 309, 10: 452, 11: 323, 12: 298, 1: 65}, 1: {1: 1669, 4: 603, 2: 752, 3: 563, 9: 103, 8: 165, 5: 509, 6: 346, 10: 36, 7: 243, 12: 1, 11: 10}, 2: {5: 357, 8: 514, 10: 656, 4: 243, 11: 835, 7: 533, 3: 155, 12: 599, 2: 58, 9: 685, 6: 354, 1: 11}, 3: {7: 427, 10: 362, 2: 594, 3: 434, 11: 475, 6: 424, 1: 424, 9: 381, 8: 352, 4: 371, 12: 324, 5: 432}, 4: {6: 481, 11: 61, 3: 915, 1: 455, 10: 149, 5: 543, 4: 781, 7: 349, 2: 778, 9: 164, 8: 318, 12: 6}, 5: {10: 813, 12: 1248, 9: 583, 11: 822, 7: 403, 8: 467, 6: 323, 4: 118, 5: 178, 3: 39, 2: 4, 1: 2}, 6: {12: 280, 9: 523, 8: 632, 6: 571, 10: 520, 4: 423, 5: 519, 7: 622, 3: 309, 11: 378, 2: 154, 1: 69}, 7: {4: 485, 3: 751, 8: 149, 2: 836, 1: 1521, 5: 467, 12: 3, 9: 121, 6: 344, 7: 261, 10: 43, 11: 19}, 8: {9: 661, 7: 517, 12: 673, 8: 541, 10: 706, 6: 334, 11: 754, 5: 327, 4: 255, 3: 157, 1: 9, 2: 66}, 9: {11: 437, 1: 407, 7: 346, 5: 475, 12: 364, 9: 352, 6: 384, 10: 363, 8: 369, 3: 490, 2: 606, 4: 407}, 10: {3: 840, 2: 971, 6: 508, 7: 350, 1: 368, 4: 747, 5: 524, 9: 188, 8: 302, 10: 140, 11: 45, 12: 17}, 11: {8: 534, 5: 226, 11: 841, 6: 315, 10: 760, 9: 601, 12: 1187, 7: 387, 4: 106, 3: 38, 2: 5}}",
2026-05-19T10:30:29Z,100m,1,pos_pretrain_100m,EleutherAI/pythia-160m,random_init,1,49102434,49102434,0.00025,8,1.0681482553482056,2.909985956853466,,
2026-05-19T10:47:58Z,100m,1,pos_100m_childes,EleutherAI/pythia-160m,./models/pythia/pos_100m_model_run1,2,49999872,49999872,0.00025,8,2.913301467895508,18.417503100046314,"{0: {3: 219, 6: 662, 4: 392, 5: 478, 7: 672, 9: 615, 11: 270, 12: 301, 8: 687, 10: 582, 1: 26, 2: 96}, 1: {1: 1854, 3: 686, 7: 198, 4: 618, 9: 83, 2: 721, 8: 142, 6: 288, 5: 370, 10: 27, 11: 10, 12: 3}, 2: {6: 420, 8: 547, 4: 192, 9: 757, 11: 782, 7: 513, 10: 624, 12: 657, 5: 354, 3: 109, 2: 37, 1: 8}, 3: {5: 416, 4: 411, 8: 361, 2: 591, 12: 278, 10: 376, 9: 423, 11: 525, 6: 403, 3: 487, 1: 360, 7: 369}, 4: {7: 300, 5: 663, 6: 492, 2: 873, 4: 837, 3: 1004, 1: 342, 8: 228, 9: 120, 12: 14, 10: 87, 11: 40}, 5: {10: 799, 12: 1237, 11: 899, 8: 512, 6: 312, 4: 93, 9: 516, 7: 421, 5: 187, 3: 20, 2: 3, 1: 1}, 6: {12: 248, 10: 600, 9: 576, 2: 108, 8: 661, 5: 495, 11: 360, 6: 639, 7: 750, 4: 326, 3: 214, 1: 23}, 7: {4: 504, 2: 867, 6: 295, 7: 221, 5: 392, 1: 1746, 3: 719, 8: 120, 9: 88, 11: 11, 10: 37}, 8: {11: 752, 9: 686, 12: 718, 6: 381, 8: 527, 10: 657, 5: 392, 2: 50, 7: 526, 4: 191, 3: 119, 1: 1}, 9: {9: 405, 7: 363, 4: 451, 1: 348, 2: 599, 6: 325, 12: 296, 10: 384, 5: 473, 8: 360, 11: 506, 3: 490}, 10: {2: 1051, 3: 902, 9: 120, 8: 267, 5: 578, 4: 903, 7: 292, 6: 466, 1: 290, 10: 80, 11: 37, 12: 14}, 11: {8: 588, 11: 808, 10: 747, 9: 611, 12: 1234, 5: 202, 7: 375, 6: 317, 4: 82, 2: 4, 3: 31, 1: 1}}",
2026-05-19T10:51:06Z,100m,2,pos_pretrain_100m,EleutherAI/pythia-160m,random_init,1,49102434,49102434,0.00025,8,1.067383050918579,2.9077600744452816,,
2026-05-19T11:08:51Z,100m,2,pos_100m_childes,EleutherAI/pythia-160m,./models/pythia/pos_100m_model_run2,2,49999872,49999872,0.00025,8,2.913470983505249,18.42062541894765,"{0: {7: 658, 11: 229, 6: 683, 5: 516, 4: 398, 9: 622, 10: 504, 12: 313, 8: 724, 2: 107, 3: 217, 1: 29}, 1: {1: 1562, 5: 414, 2: 770, 9: 131, 4: 681, 3: 638, 7: 264, 6: 344, 8: 150, 10: 36, 12: 2, 11: 8}, 2: {5: 328, 10: 693, 9: 715, 2: 74, 11: 752, 8: 516, 6: 426, 12: 607, 4: 246, 7: 488, 3: 146, 1: 9}, 3: {8: 316, 3: 456, 5: 335, 6: 344, 10: 428, 2: 633, 1: 541, 9: 377, 12: 317, 11: 600, 7: 315, 4: 338}, 4: {2: 772, 6: 466, 4: 714, 1: 467, 7: 364, 3: 911, 8: 323, 5: 556, 12: 24, 9: 195, 10: 133, 11: 75}, 5: {6: 353, 9: 483, 12: 1222, 8: 424, 10: 750, 5: 279, 7: 376, 11: 865, 4: 174, 3: 63, 1: 2, 2: 9}, 6: {12: 263, 4: 380, 7: 723, 3: 228, 9: 592, 8: 722, 6: 626, 10: 495, 5: 518, 11: 314, 2: 106, 1: 33}, 7: {3: 770, 1: 1461, 4: 556, 5: 445, 2: 822, 6: 357, 7: 259, 9: 118, 8: 150, 10: 42, 11: 17, 12: 3}, 8: {9: 658, 2: 79, 10: 720, 11: 658, 12: 703, 7: 515, 6: 350, 5: 359, 4: 215, 3: 168, 8: 572, 1: 3}, 9: {11: 556, 8: 326, 2: 696, 5: 390, 3: 464, 7: 306, 6: 293, 10: 425, 4: 344, 12: 348, 9: 340, 1: 512}, 10: {4: 789, 7: 329, 8: 310, 10: 151, 3: 859, 6: 437, 5: 534, 1: 381, 2: 916, 9: 196, 12: 24, 11: 74}, 11: {10: 623, 12: 1174, 11: 852, 8: 467, 7: 403, 5: 326, 9: 573, 6: 321, 4: 165, 2: 16, 3: 80}}",
2026-05-19T11:11:59Z,100m,3,pos_pretrain_100m,EleutherAI/pythia-160m,random_init,1,49102434,49102434,0.00025,8,1.067209005355835,2.9072540357449723,,
2026-05-19T11:29:54Z,100m,3,pos_100m_childes,EleutherAI/pythia-160m,./models/pythia/pos_100m_model_run3,2,49999872,49999872,0.00025,8,2.9153943061828613,18.456088317918674,"{0: {2: 174, 9: 542, 7: 598, 6: 671, 5: 523, 10: 435, 3: 305, 8: 673, 4: 469, 11: 255, 12: 270, 1: 85}, 1: {1: 1582, 2: 736, 3: 636, 9: 119, 5: 487, 4: 648, 7: 258, 6: 330, 8: 163, 10: 31, 12: 2, 11: 8}, 2: {3: 132, 11: 895, 9: 713, 5: 298, 7: 478, 12: 628, 4: 184, 10: 758, 6: 351, 8: 496, 2: 58, 1: 9}, 3: {7: 404, 8: 425, 6: 411, 5: 386, 10: 405, 1: 377, 2: 634, 11: 461, 12: 251, 4: 391, 3: 464, 9: 391}, 4: {5: 568, 1: 518, 8: 284, 4: 791, 3: 883, 2: 834, 10: 91, 6: 504, 7: 314, 9: 153, 11: 51, 12: 9}, 5: {8: 485, 12: 1281, 9: 561, 10: 816, 7: 421, 6: 289, 11: 871, 5: 150, 4: 101, 3: 21, 2: 4}, 6: {12: 259, 4: 479, 8: 628, 7: 637, 9: 488, 3: 321, 10: 452, 11: 298, 5: 590, 6: 605, 2: 178, 1: 65}, 7: {6: 368, 2: 768, 8: 144, 4: 511, 5: 481, 3: 742, 1: 1536, 7: 287, 9: 116, 10: 38, 11: 7, 12: 2}, 8: {11: 826, 6: 312, 12: 722, 9: 709, 7: 504, 8: 524, 5: 311, 10: 731, 4: 184, 3: 122, 2: 53, 1: 2}, 9: {10: 394, 3: 500, 4: 375, 2: 595, 12: 279, 7: 432, 5: 435, 6: 399, 9: 399, 11: 423, 8: 369, 1: 400}, 10: {4: 784, 7: 310, 3: 851, 2: 964, 6: 510, 5: 581, 1: 426, 8: 275, 9: 146, 11: 53, 10: 78, 12: 22}, 11: {9: 663, 10: 771, 7: 357, 12: 1275, 11: 852, 8: 534, 6: 250, 5: 190, 4: 83, 3: 23, 2: 2}}",
